Id,Favorite_Music_Genre,Favorite_Beverage,Favorite_Soft_Drink
1,Jazz/Blues,Beer/Wine,Other
2,Jazz/Blues,Vodka/Whislkey,Other
3,Rock/HipHop,Beer/Wine,Sprite
4,Rock/HipHop,Beer/Wine,Cola
5,Rock/HipHop,Vodka/Whislkey,Sprite
6,Jazz/Blues,Vodka/Whislkey,Other
7,Jazz/Blues,Beer/Wine,Sprite
8,Jazz/Blues,Vodka/Whislkey,Sprite
9,Rock/HipHop,Vodka/Whislkey,Other
10,Jazz/Blues,Beer/Wine,Other
11,Jazz/Blues,Beer/Wine,Sprite
12,Jazz/Blues,Vodka/Whislkey,Other
13,Jazz/Blues,Vodka/Whislkey,Cola
14,Jazz/Blues,Beer/Wine,Other
15,Rock/HipHop,Vodka/Whislkey,Cola
16,Rock/HipHop,Vodka/Whislkey,Cola
17,Rock/HipHop,Beer/Wine,Other
18,Rock/HipHop,Vodka/Whislkey,Other
19,Jazz/Blues,Vodka/Whislkey,Other
20,Jazz/Blues,Vodka/Whislkey,Other
21,Jazz/Blues,Beer/Wine,Cola
22,Rock/HipHop,Beer/Wine,Other
23,Jazz/Blues,Beer/Wine,Cola
24,Jazz/Blues,Beer/Wine,Sprite
25,Rock/HipHop,Beer/Wine,Sprite
26,Jazz/Blues,Beer/Wine,Cola
27,Jazz/Blues,Vodka/Whislkey,Sprite
28,Rock/HipHop,Beer/Wine,Sprite
29,Jazz/Blues,Beer/Wine,Other
30,Jazz/Blues,Beer/Wine,Other
31,Jazz/Blues,Vodka/Whislkey,Other
32,Rock/HipHop,Beer/Wine,Cola
33,Rock/HipHop,Beer/Wine,Sprite
34,Jazz/Blues,Beer/Wine,Cola
35,Jazz/Blues,Beer/Wine,Sprite
36,Jazz/Blues,Vodka/Whislkey,Other
37,Jazz/Blues,Vodka/Whislkey,Other
38,Jazz/Blues,Vodka/Whislkey,Sprite
39,Rock/HipHop,Beer/Wine,Cola
40,Rock/HipHop,Vodka/Whislkey,Cola
41,Jazz/Blues,Vodka/Whislkey,Sprite
42,Rock/HipHop,Beer/Wine,Cola
43,Rock/HipHop,Beer/Wine,Cola
44,Jazz/Blues,Beer/Wine,Sprite
45,Jazz/Blues,Beer/Wine,Cola
46,Jazz/Blues,Vodka/Whislkey,Other
47,Rock/HipHop,Beer/Wine,Other
48,Jazz/Blues,Vodka/Whislkey,Other
49,Rock/HipHop,Vodka/Whislkey,Other
50,Rock/HipHop,Beer/Wine,Sprite
51,Rock/HipHop,Vodka/Whislkey,Other
52,Rock/HipHop,Beer/Wine,Cola
53,Jazz/Blues,Vodka/Whislkey,Cola
54,Jazz/Blues,Beer/Wine,Sprite
55,Rock/HipHop,Vodka/Whislkey,Sprite
56,Jazz/Blues,Beer/Wine,Cola
57,Jazz/Blues,Vodka/Whislkey,Cola
58,Rock/HipHop,Vodka/Whislkey,Cola
59,Jazz/Blues,Vodka/Whislkey,Other
60,Jazz/Blues,Beer/Wine,Cola
61,Rock/HipHop,Vodka/Whislkey,Cola
62,Rock/HipHop,Vodka/Whislkey,Other
63,Rock/HipHop,Beer/Wine,Other
64,Rock/HipHop,Vodka/Whislkey,Cola
65,Jazz/Blues,Beer/Wine,Cola
66,Jazz/Blues,Beer/Wine,Cola
67,Rock/HipHop,Vodka/Whislkey,Cola
68,Rock/HipHop,Beer/Wine,Sprite
69,Jazz/Blues,Vodka/Whislkey,Sprite
70,Jazz/Blues,Vodka/Whislkey,Sprite
71,Rock/HipHop,Vodka/Whislkey,Sprite
72,Jazz/Blues,Vodka/Whislkey,Other
73,Jazz/Blues,Vodka/Whislkey,Cola
74,Jazz/Blues,Vodka/Whislkey,Sprite
75,Rock/HipHop,Vodka/Whislkey,Cola
76,Jazz/Blues,Beer/Wine,Sprite
77,Jazz/Blues,Vodka/Whislkey,Sprite
78,Rock/HipHop,Vodka/Whislkey,Cola
79,Rock/HipHop,Vodka/Whislkey,Sprite
80,Jazz/Blues,Beer/Wine,Other
81,Jazz/Blues,Beer/Wine,Sprite
82,Rock/HipHop,Vodka/Whislkey,Sprite
83,Jazz/Blues,Beer/Wine,Other
84,Jazz/Blues,Vodka/Whislkey,Cola
85,Rock/HipHop,Beer/Wine,Other
86,Jazz/Blues,Beer/Wine,Sprite
87,Jazz/Blues,Beer/Wine,Sprite
88,Rock/HipHop,Beer/Wine,Sprite
89,Rock/HipHop,Vodka/Whislkey,Sprite
90,Rock/HipHop,Vodka/Whislkey,Other
91,Rock/HipHop,Vodka/Whislkey,Other
92,Jazz/Blues,Beer/Wine,Cola
93,Rock/HipHop,Beer/Wine,Other
94,Rock/HipHop,Beer/Wine,Sprite
95,Jazz/Blues,Beer/Wine,Sprite
96,Jazz/Blues,Beer/Wine,Sprite
97,Rock/HipHop,Beer/Wine,Other
98,Jazz/Blues,Vodka/Whislkey,Cola
99,Rock/HipHop,Beer/Wine,Sprite
100,Jazz/Blues,Beer/Wine,Other
101,Rock/HipHop,Beer/Wine,Other
102,Jazz/Blues,Vodka/Whislkey,Other
103,Rock/HipHop,Beer/Wine,Cola
104,Rock/HipHop,Beer/Wine,Other
105,Jazz/Blues,Beer/Wine,Other
106,Rock/HipHop,Beer/Wine,Other
107,Rock/HipHop,Vodka/Whislkey,Sprite
108,Jazz/Blues,Vodka/Whislkey,Other
109,Jazz/Blues,Vodka/Whislkey,Other
110,Jazz/Blues,Beer/Wine,Other
111,Rock/HipHop,Vodka/Whislkey,Other
112,Rock/HipHop,Vodka/Whislkey,Other
113,Rock/HipHop,Beer/Wine,Cola
114,Jazz/Blues,Beer/Wine,Cola
115,Rock/HipHop,Beer/Wine,Sprite
116,Jazz/Blues,Vodka/Whislkey,Sprite
117,Jazz/Blues,Beer/Wine,Sprite
118,Jazz/Blues,Beer/Wine,Sprite
119,Rock/HipHop,Vodka/Whislkey,Cola
120,Rock/HipHop,Vodka/Whislkey,Cola
121,Jazz/Blues,Beer/Wine,Sprite
122,Rock/HipHop,Beer/Wine,Sprite
123,Rock/HipHop,Vodka/Whislkey,Sprite
124,Jazz/Blues,Beer/Wine,Cola
125,Jazz/Blues,Beer/Wine,Cola
126,Jazz/Blues,Beer/Wine,Sprite
127,Jazz/Blues,Beer/Wine,Other
128,Jazz/Blues,Vodka/Whislkey,Sprite
129,Rock/HipHop,Vodka/Whislkey,Sprite
130,Jazz/Blues,Vodka/Whislkey,Cola
131,Rock/HipHop,Vodka/Whislkey,Cola
132,Rock/HipHop,Vodka/Whislkey,Other
133,Rock/HipHop,Beer/Wine,Cola
134,Jazz/Blues,Beer/Wine,Sprite
135,Rock/HipHop,Beer/Wine,Cola
136,Rock/HipHop,Beer/Wine,Cola
137,Jazz/Blues,Beer/Wine,Cola
138,Jazz/Blues,Beer/Wine,Cola
139,Rock/HipHop,Beer/Wine,Cola
140,Rock/HipHop,Vodka/Whislkey,Cola
141,Jazz/Blues,Vodka/Whislkey,Other
142,Jazz/Blues,Vodka/Whislkey,Other
143,Rock/HipHop,Vodka/Whislkey,Other
144,Jazz/Blues,Beer/Wine,Sprite
145,Jazz/Blues,Beer/Wine,Cola
146,Jazz/Blues,Beer/Wine,Cola
147,Jazz/Blues,Beer/Wine,Cola
148,Jazz/Blues,Vodka/Whislkey,Other
149,Rock/HipHop,Vodka/Whislkey,Sprite
150,Jazz/Blues,Beer/Wine,Sprite
151,Jazz/Blues,Beer/Wine,Sprite
152,Rock/HipHop,Beer/Wine,Other
153,Jazz/Blues,Vodka/Whislkey,Cola
154,Jazz/Blues,Beer/Wine,Cola
155,Jazz/Blues,Beer/Wine,Other
156,Rock/HipHop,Vodka/Whislkey,Other
157,Jazz/Blues,Beer/Wine,Cola
158,Rock/HipHop,Beer/Wine,Cola
159,Rock/HipHop,Vodka/Whislkey,Sprite
160,Rock/HipHop,Beer/Wine,Sprite
161,Jazz/Blues,Vodka/Whislkey,Other
162,Jazz/Blues,Vodka/Whislkey,Other
163,Jazz/Blues,Beer/Wine,Cola
164,Jazz/Blues,Beer/Wine,Cola
165,Jazz/Blues,Vodka/Whislkey,Sprite
166,Rock/HipHop,Beer/Wine,Other
167,Rock/HipHop,Beer/Wine,Other
168,Jazz/Blues,Beer/Wine,Cola
169,Jazz/Blues,Beer/Wine,Sprite
170,Rock/HipHop,Beer/Wine,Cola
171,Rock/HipHop,Vodka/Whislkey,Other
172,Rock/HipHop,Vodka/Whislkey,Sprite
173,Rock/HipHop,Beer/Wine,Sprite
174,Rock/HipHop,Beer/Wine,Cola
175,Rock/HipHop,Beer/Wine,Sprite
176,Jazz/Blues,Vodka/Whislkey,Cola
177,Rock/HipHop,Vodka/Whislkey,Cola
178,Rock/HipHop,Vodka/Whislkey,Cola
179,Rock/HipHop,Vodka/Whislkey,Other
180,Jazz/Blues,Vodka/Whislkey,Other
181,Jazz/Blues,Beer/Wine,Sprite
182,Jazz/Blues,Vodka/Whislkey,Cola
183,Rock/HipHop,Beer/Wine,Other
184,Rock/HipHop,Vodka/Whislkey,Sprite
185,Rock/HipHop,Vodka/Whislkey,Other
186,Jazz/Blues,Vodka/Whislkey,Cola
187,Jazz/Blues,Vodka/Whislkey,Sprite
188,Jazz/Blues,Vodka/Whislkey,Cola
189,Jazz/Blues,Beer/Wine,Sprite
190,Rock/HipHop,Vodka/Whislkey,Other
191,Jazz/Blues,Vodka/Whislkey,Other
192,Jazz/Blues,Beer/Wine,Sprite
193,Rock/HipHop,Beer/Wine,Sprite
194,Jazz/Blues,Beer/Wine,Sprite
195,Jazz/Blues,Vodka/Whislkey,Other
196,Jazz/Blues,Beer/Wine,Other
197,Rock/HipHop,Beer/Wine,Other
198,Rock/HipHop,Vodka/Whislkey,Other
199,Jazz/Blues,Beer/Wine,Sprite
200,Rock/HipHop,Vodka/Whislkey,Sprite
201,Rock/HipHop,Beer/Wine,Cola
202,Rock/HipHop,Vodka/Whislkey,Other
203,Jazz/Blues,Vodka/Whislkey,Cola
204,Rock/HipHop,Vodka/Whislkey,Sprite
205,Jazz/Blues,Vodka/Whislkey,Cola
206,Jazz/Blues,Beer/Wine,Cola
207,Rock/HipHop,Beer/Wine,Cola
208,Rock/HipHop,Beer/Wine,Other
209,Rock/HipHop,Vodka/Whislkey,Sprite
210,Jazz/Blues,Beer/Wine,Cola
211,Rock/HipHop,Vodka/Whislkey,Other
212,Rock/HipHop,Vodka/Whislkey,Cola
213,Jazz/Blues,Vodka/Whislkey,Cola
214,Rock/HipHop,Beer/Wine,Sprite
215,Jazz/Blues,Vodka/Whislkey,Sprite
216,Rock/HipHop,Beer/Wine,Cola
217,Rock/HipHop,Beer/Wine,Other
218,Rock/HipHop,Beer/Wine,Sprite
219,Jazz/Blues,Vodka/Whislkey,Other
220,Rock/HipHop,Vodka/Whislkey,Cola
221,Rock/HipHop,Beer/Wine,Sprite
222,Rock/HipHop,Beer/Wine,Cola
223,Rock/HipHop,Vodka/Whislkey,Cola
224,Jazz/Blues,Beer/Wine,Sprite
225,Jazz/Blues,Beer/Wine,Cola
226,Jazz/Blues,Beer/Wine,Sprite
227,Jazz/Blues,Vodka/Whislkey,Other
228,Rock/HipHop,Vodka/Whislkey,Other
229,Jazz/Blues,Vodka/Whislkey,Sprite
230,Rock/HipHop,Vodka/Whislkey,Other
231,Jazz/Blues,Vodka/Whislkey,Cola
232,Rock/HipHop,Beer/Wine,Other
233,Rock/HipHop,Vodka/Whislkey,Sprite
234,Rock/HipHop,Vodka/Whislkey,Sprite
235,Rock/HipHop,Beer/Wine,Other
236,Rock/HipHop,Beer/Wine,Sprite
237,Jazz/Blues,Vodka/Whislkey,Sprite
238,Jazz/Blues,Vodka/Whislkey,Cola
239,Rock/HipHop,Beer/Wine,Other
240,Rock/HipHop,Vodka/Whislkey,Cola
241,Jazz/Blues,Beer/Wine,Cola
242,Jazz/Blues,Vodka/Whislkey,Other
243,Rock/HipHop,Vodka/Whislkey,Cola
244,Rock/HipHop,Beer/Wine,Cola
245,Rock/HipHop,Vodka/Whislkey,Other
246,Jazz/Blues,Vodka/Whislkey,Sprite
247,Jazz/Blues,Vodka/Whislkey,Cola
248,Jazz/Blues,Beer/Wine,Cola
249,Rock/HipHop,Vodka/Whislkey,Other
250,Jazz/Blues,Vodka/Whislkey,Sprite
251,Rock/HipHop,Beer/Wine,Sprite
252,Jazz/Blues,Beer/Wine,Sprite
253,Jazz/Blues,Beer/Wine,Sprite
254,Rock/HipHop,Beer/Wine,Other
255,Jazz/Blues,Beer/Wine,Other
256,Jazz/Blues,Vodka/Whislkey,Sprite
257,Jazz/Blues,Beer/Wine,Other
258,Rock/HipHop,Vodka/Whislkey,Other
259,Jazz/Blues,Beer/Wine,Sprite
260,Jazz/Blues,Vodka/Whislkey,Other
261,Jazz/Blues,Vodka/Whislkey,Other
262,Rock/HipHop,Beer/Wine,Cola
263,Rock/HipHop,Vodka/Whislkey,Cola
264,Rock/HipHop,Vodka/Whislkey,Cola
265,Rock/HipHop,Beer/Wine,Cola
266,Rock/HipHop,Beer/Wine,Sprite
267,Jazz/Blues,Beer/Wine,Other
268,Rock/HipHop,Beer/Wine,Other
269,Jazz/Blues,Beer/Wine,Cola
270,Jazz/Blues,Beer/Wine,Cola
271,Jazz/Blues,Beer/Wine,Sprite
272,Rock/HipHop,Vodka/Whislkey,Sprite
273,Rock/HipHop,Beer/Wine,Cola
274,Rock/HipHop,Vodka/Whislkey,Sprite
275,Jazz/Blues,Beer/Wine,Sprite
276,Rock/HipHop,Vodka/Whislkey,Cola
277,Rock/HipHop,Beer/Wine,Sprite
278,Jazz/Blues,Vodka/Whislkey,Cola
279,Rock/HipHop,Vodka/Whislkey,Other
280,Rock/HipHop,Vodka/Whislkey,Sprite
281,Rock/HipHop,Beer/Wine,Cola
282,Jazz/Blues,Beer/Wine,Other
283,Rock/HipHop,Vodka/Whislkey,Other
284,Jazz/Blues,Vodka/Whislkey,Sprite
285,Rock/HipHop,Vodka/Whislkey,Sprite
286,Jazz/Blues,Vodka/Whislkey,Other
287,Jazz/Blues,Vodka/Whislkey,Cola
288,Jazz/Blues,Beer/Wine,Cola
289,Rock/HipHop,Beer/Wine,Other
290,Rock/HipHop,Beer/Wine,Sprite
291,Jazz/Blues,Vodka/Whislkey,Other
292,Rock/HipHop,Vodka/Whislkey,Sprite
293,Jazz/Blues,Vodka/Whislkey,Other
294,Rock/HipHop,Vodka/Whislkey,Sprite
295,Rock/HipHop,Beer/Wine,Sprite
296,Rock/HipHop,Beer/Wine,Sprite
297,Rock/HipHop,Beer/Wine,Cola
298,Rock/HipHop,Vodka/Whislkey,Sprite
299,Jazz/Blues,Vodka/Whislkey,Sprite
300,Jazz/Blues,Beer/Wine,Sprite
301,Rock/HipHop,Vodka/Whislkey,Other
302,Rock/HipHop,Beer/Wine,Cola
303,Rock/HipHop,Beer/Wine,Other
304,Rock/HipHop,Vodka/Whislkey,Sprite
305,Jazz/Blues,Beer/Wine,Cola
306,Rock/HipHop,Beer/Wine,Cola
307,Jazz/Blues,Vodka/Whislkey,Sprite
308,Jazz/Blues,Vodka/Whislkey,Other
309,Rock/HipHop,Vodka/Whislkey,Sprite
310,Jazz/Blues,Beer/Wine,Sprite
311,Rock/HipHop,Vodka/Whislkey,Sprite
312,Jazz/Blues,Beer/Wine,Cola
313,Rock/HipHop,Beer/Wine,Sprite
314,Rock/HipHop,Vodka/Whislkey,Sprite
315,Rock/HipHop,Vodka/Whislkey,Other
316,Jazz/Blues,Vodka/Whislkey,Other
317,Jazz/Blues,Vodka/Whislkey,Cola
318,Rock/HipHop,Beer/Wine,Other
319,Jazz/Blues,Vodka/Whislkey,Other
320,Jazz/Blues,Vodka/Whislkey,Cola
321,Jazz/Blues,Beer/Wine,Sprite
322,Jazz/Blues,Beer/Wine,Sprite
323,Jazz/Blues,Beer/Wine,Cola
324,Jazz/Blues,Beer/Wine,Sprite
325,Rock/HipHop,Beer/Wine,Other
326,Rock/HipHop,Vodka/Whislkey,Sprite
327,Rock/HipHop,Beer/Wine,Other
328,Jazz/Blues,Beer/Wine,Other
329,Jazz/Blues,Vodka/Whislkey,Other
330,Jazz/Blues,Vodka/Whislkey,Sprite
331,Rock/HipHop,Beer/Wine,Sprite
332,Jazz/Blues,Beer/Wine,Cola
333,Jazz/Blues,Vodka/Whislkey,Cola
334,Rock/HipHop,Beer/Wine,Other
335,Rock/HipHop,Vodka/Whislkey,Cola
336,Jazz/Blues,Vodka/Whislkey,Other
337,Rock/HipHop,Beer/Wine,Sprite
338,Jazz/Blues,Beer/Wine,Other
339,Rock/HipHop,Vodka/Whislkey,Cola
340,Rock/HipHop,Beer/Wine,Sprite
341,Jazz/Blues,Beer/Wine,Other
342,Rock/HipHop,Beer/Wine,Other
343,Jazz/Blues,Beer/Wine,Cola
344,Rock/HipHop,Vodka/Whislkey,Cola
345,Rock/HipHop,Beer/Wine,Other
346,Rock/HipHop,Beer/Wine,Cola
347,Jazz/Blues,Beer/Wine,Other
348,Jazz/Blues,Beer/Wine,Other
349,Jazz/Blues,Beer/Wine,Cola
350,Rock/HipHop,Beer/Wine,Cola
351,Rock/HipHop,Beer/Wine,Other
352,Jazz/Blues,Beer/Wine,Cola
353,Jazz/Blues,Beer/Wine,Other
354,Jazz/Blues,Vodka/Whislkey,Other
355,Jazz/Blues,Beer/Wine,Cola
356,Jazz/Blues,Beer/Wine,Other
357,Jazz/Blues,Beer/Wine,Cola
358,Jazz/Blues,Beer/Wine,Sprite
359,Rock/HipHop,Vodka/Whislkey,Sprite
360,Rock/HipHop,Beer/Wine,Cola
361,Rock/HipHop,Beer/Wine,Sprite
362,Rock/HipHop,Vodka/Whislkey,Cola
363,Jazz/Blues,Vodka/Whislkey,Other
364,Rock/HipHop,Beer/Wine,Other
365,Rock/HipHop,Beer/Wine,Sprite
366,Jazz/Blues,Vodka/Whislkey,Sprite
367,Rock/HipHop,Vodka/Whislkey,Cola
368,Jazz/Blues,Beer/Wine,Cola
369,Jazz/Blues,Beer/Wine,Sprite
370,Rock/HipHop,Vodka/Whislkey,Sprite
371,Rock/HipHop,Beer/Wine,Other
372,Jazz/Blues,Beer/Wine,Other
373,Jazz/Blues,Vodka/Whislkey,Sprite
374,Jazz/Blues,Beer/Wine,Cola
375,Rock/HipHop,Vodka/Whislkey,Cola
376,Jazz/Blues,Beer/Wine,Sprite
377,Rock/HipHop,Beer/Wine,Other
378,Rock/HipHop,Beer/Wine,Cola
379,Jazz/Blues,Vodka/Whislkey,Other
380,Rock/HipHop,Vodka/Whislkey,Other
381,Rock/HipHop,Vodka/Whislkey,Sprite
382,Jazz/Blues,Beer/Wine,Other
383,Rock/HipHop,Beer/Wine,Cola
384,Rock/HipHop,Beer/Wine,Sprite
385,Rock/HipHop,Vodka/Whislkey,Other
386,Jazz/Blues,Vodka/Whislkey,Sprite
387,Rock/HipHop,Vodka/Whislkey,Sprite
388,Rock/HipHop,Vodka/Whislkey,Sprite
389,Rock/HipHop,Vodka/Whislkey,Cola
390,Jazz/Blues,Vodka/Whislkey,Sprite
391,Rock/HipHop,Beer/Wine,Sprite
392,Rock/HipHop,Beer/Wine,Sprite
393,Rock/HipHop,Beer/Wine,Cola
394,Jazz/Blues,Beer/Wine,Cola
395,Jazz/Blues,Vodka/Whislkey,Other
396,Jazz/Blues,Vodka/Whislkey,Cola
397,Rock/HipHop,Beer/Wine,Cola
398,Jazz/Blues,Beer/Wine,Cola
399,Jazz/Blues,Vodka/Whislkey,Sprite
400,Jazz/Blues,Beer/Wine,Cola
401,Jazz/Blues,Vodka/Whislkey,Other
402,Jazz/Blues,Beer/Wine,Cola
403,Rock/HipHop,Beer/Wine,Sprite
404,Rock/HipHop,Vodka/Whislkey,Other
405,Rock/HipHop,Beer/Wine,Other
406,Jazz/Blues,Vodka/Whislkey,Sprite
407,Rock/HipHop,Vodka/Whislkey,Other
408,Jazz/Blues,Vodka/Whislkey,Sprite
409,Rock/HipHop,Vodka/Whislkey,Sprite
410,Rock/HipHop,Vodka/Whislkey,Sprite
411,Rock/HipHop,Beer/Wine,Other
412,Rock/HipHop,Beer/Wine,Sprite
413,Jazz/Blues,Beer/Wine,Cola
414,Rock/HipHop,Vodka/Whislkey,Sprite
415,Jazz/Blues,Beer/Wine,Sprite
416,Jazz/Blues,Vodka/Whislkey,Other
417,Jazz/Blues,Beer/Wine,Other
418,Rock/HipHop,Vodka/Whislkey,Other
419,Jazz/Blues,Beer/Wine,Sprite
420,Rock/HipHop,Beer/Wine,Cola
421,Jazz/Blues,Beer/Wine,Cola
422,Jazz/Blues,Vodka/Whislkey,Cola
423,Jazz/Blues,Beer/Wine,Cola
424,Jazz/Blues,Beer/Wine,Other
425,Rock/HipHop,Beer/Wine,Other
426,Rock/HipHop,Beer/Wine,Other
427,Jazz/Blues,Beer/Wine,Sprite
428,Rock/HipHop,Vodka/Whislkey,Other
429,Jazz/Blues,Beer/Wine,Sprite
430,Jazz/Blues,Beer/Wine,Sprite
431,Rock/HipHop,Beer/Wine,Cola
432,Jazz/Blues,Beer/Wine,Cola
433,Rock/HipHop,Vodka/Whislkey,Cola
434,Jazz/Blues,Beer/Wine,Other
435,Rock/HipHop,Vodka/Whislkey,Other
436,Rock/HipHop,Vodka/Whislkey,Cola
437,Jazz/Blues,Vodka/Whislkey,Other
438,Rock/HipHop,Beer/Wine,Other
439,Rock/HipHop,Beer/Wine,Cola
440,Rock/HipHop,Beer/Wine,Sprite
441,Rock/HipHop,Vodka/Whislkey,Cola
442,Rock/HipHop,Vodka/Whislkey,Other
443,Jazz/Blues,Beer/Wine,Cola
444,Jazz/Blues,Beer/Wine,Sprite
445,Rock/HipHop,Beer/Wine,Other
446,Rock/HipHop,Beer/Wine,Cola
447,Rock/HipHop,Beer/Wine,Other
448,Jazz/Blues,Beer/Wine,Cola
449,Jazz/Blues,Beer/Wine,Sprite
450,Jazz/Blues,Beer/Wine,Sprite
451,Rock/HipHop,Beer/Wine,Sprite
452,Rock/HipHop,Beer/Wine,Sprite
453,Jazz/Blues,Beer/Wine,Sprite
454,Rock/HipHop,Vodka/Whislkey,Sprite
455,Rock/HipHop,Beer/Wine,Other
456,Jazz/Blues,Beer/Wine,Sprite
457,Rock/HipHop,Vodka/Whislkey,Other
458,Rock/HipHop,Beer/Wine,Other
459,Jazz/Blues,Beer/Wine,Sprite
460,Rock/HipHop,Beer/Wine,Sprite
461,Rock/HipHop,Beer/Wine,Sprite
462,Rock/HipHop,Beer/Wine,Other
463,Rock/HipHop,Vodka/Whislkey,Cola
464,Jazz/Blues,Vodka/Whislkey,Sprite
465,Rock/HipHop,Beer/Wine,Sprite
466,Rock/HipHop,Beer/Wine,Cola
467,Rock/HipHop,Beer/Wine,Other
468,Jazz/Blues,Vodka/Whislkey,Cola
469,Rock/HipHop,Beer/Wine,Other
470,Jazz/Blues,Vodka/Whislkey,Sprite
471,Rock/HipHop,Vodka/Whislkey,Cola
472,Jazz/Blues,Beer/Wine,Cola
473,Jazz/Blues,Vodka/Whislkey,Other
474,Jazz/Blues,Vodka/Whislkey,Other
475,Rock/HipHop,Beer/Wine,Cola
476,Rock/HipHop,Beer/Wine,Cola
477,Rock/HipHop,Vodka/Whislkey,Sprite
478,Rock/HipHop,Vodka/Whislkey,Other
479,Rock/HipHop,Beer/Wine,Cola
480,Jazz/Blues,Beer/Wine,Cola
481,Rock/HipHop,Beer/Wine,Other
482,Jazz/Blues,Vodka/Whislkey,Sprite
483,Rock/HipHop,Vodka/Whislkey,Other
484,Jazz/Blues,Beer/Wine,Sprite
485,Jazz/Blues,Vodka/Whislkey,Sprite
486,Rock/HipHop,Vodka/Whislkey,Other
487,Rock/HipHop,Beer/Wine,Cola
488,Jazz/Blues,Beer/Wine,Sprite
489,Jazz/Blues,Beer/Wine,Sprite
490,Rock/HipHop,Vodka/Whislkey,Sprite
491,Rock/HipHop,Beer/Wine,Cola
492,Jazz/Blues,Beer/Wine,Cola
493,Rock/HipHop,Vodka/Whislkey,Other
494,Rock/HipHop,Vodka/Whislkey,Sprite
495,Jazz/Blues,Beer/Wine,Cola
496,Jazz/Blues,Vodka/Whislkey,Sprite
497,Jazz/Blues,Beer/Wine,Other
498,Rock/HipHop,Beer/Wine,Cola
499,Rock/HipHop,Beer/Wine,Cola
500,Jazz/Blues,Beer/Wine,Other
501,Rock/HipHop,Beer/Wine,Other
502,Jazz/Blues,Beer/Wine,Other
503,Rock/HipHop,Beer/Wine,Other
504,Jazz/Blues,Vodka/Whislkey,Sprite
505,Rock/HipHop,Beer/Wine,Sprite
506,Rock/HipHop,Vodka/Whislkey,Other
507,Rock/HipHop,Beer/Wine,Cola
508,Rock/HipHop,Beer/Wine,Other
509,Jazz/Blues,Vodka/Whislkey,Other
510,Jazz/Blues,Beer/Wine,Sprite
511,Rock/HipHop,Beer/Wine,Sprite
512,Jazz/Blues,Vodka/Whislkey,Sprite
513,Jazz/Blues,Vodka/Whislkey,Cola
514,Jazz/Blues,Vodka/Whislkey,Sprite
515,Jazz/Blues,Beer/Wine,Cola
516,Rock/HipHop,Vodka/Whislkey,Other
517,Rock/HipHop,Vodka/Whislkey,Other
518,Jazz/Blues,Vodka/Whislkey,Cola
519,Jazz/Blues,Vodka/Whislkey,Cola
520,Jazz/Blues,Vodka/Whislkey,Other
521,Rock/HipHop,Beer/Wine,Sprite
522,Jazz/Blues,Vodka/Whislkey,Sprite
523,Rock/HipHop,Vodka/Whislkey,Sprite
524,Jazz/Blues,Vodka/Whislkey,Cola
525,Jazz/Blues,Vodka/Whislkey,Cola
526,Rock/HipHop,Beer/Wine,Other
527,Rock/HipHop,Beer/Wine,Other
528,Jazz/Blues,Vodka/Whislkey,Other
529,Rock/HipHop,Beer/Wine,Other
530,Jazz/Blues,Beer/Wine,Sprite
531,Rock/HipHop,Beer/Wine,Sprite
532,Rock/HipHop,Vodka/Whislkey,Cola
533,Jazz/Blues,Beer/Wine,Other
534,Rock/HipHop,Beer/Wine,Cola
535,Jazz/Blues,Beer/Wine,Cola
536,Jazz/Blues,Vodka/Whislkey,Sprite
537,Jazz/Blues,Beer/Wine,Other
538,Jazz/Blues,Beer/Wine,Other
539,Rock/HipHop,Beer/Wine,Sprite
540,Jazz/Blues,Vodka/Whislkey,Other
541,Rock/HipHop,Vodka/Whislkey,Sprite
542,Jazz/Blues,Vodka/Whislkey,Sprite
543,Jazz/Blues,Vodka/Whislkey,Cola
544,Rock/HipHop,Vodka/Whislkey,Cola
545,Rock/HipHop,Beer/Wine,Other
546,Jazz/Blues,Vodka/Whislkey,Cola
547,Jazz/Blues,Vodka/Whislkey,Cola
548,Jazz/Blues,Beer/Wine,Sprite
549,Jazz/Blues,Beer/Wine,Other
550,Rock/HipHop,Vodka/Whislkey,Sprite
551,Rock/HipHop,Vodka/Whislkey,Cola
552,Rock/HipHop,Beer/Wine,Cola
553,Rock/HipHop,Beer/Wine,Cola
554,Jazz/Blues,Beer/Wine,Cola
555,Rock/HipHop,Vodka/Whislkey,Other
556,Rock/HipHop,Beer/Wine,Other
557,Jazz/Blues,Beer/Wine,Cola
558,Rock/HipHop,Beer/Wine,Sprite
559,Jazz/Blues,Vodka/Whislkey,Sprite
560,Jazz/Blues,Beer/Wine,Sprite
561,Jazz/Blues,Beer/Wine,Sprite
562,Jazz/Blues,Beer/Wine,Cola
563,Jazz/Blues,Beer/Wine,Other
564,Jazz/Blues,Beer/Wine,Cola
565,Rock/HipHop,Beer/Wine,Other
566,Rock/HipHop,Vodka/Whislkey,Other
567,Jazz/Blues,Beer/Wine,Other
568,Rock/HipHop,Beer/Wine,Sprite
569,Rock/HipHop,Beer/Wine,Cola
570,Rock/HipHop,Vodka/Whislkey,Cola
571,Rock/HipHop,Vodka/Whislkey,Other
572,Jazz/Blues,Beer/Wine,Other
573,Jazz/Blues,Beer/Wine,Other
574,Rock/HipHop,Beer/Wine,Cola
575,Jazz/Blues,Beer/Wine,Sprite
576,Jazz/Blues,Beer/Wine,Sprite
577,Jazz/Blues,Beer/Wine,Cola
578,Rock/HipHop,Beer/Wine,Other
579,Jazz/Blues,Vodka/Whislkey,Cola
580,Rock/HipHop,Beer/Wine,Sprite
581,Rock/HipHop,Vodka/Whislkey,Sprite
582,Jazz/Blues,Vodka/Whislkey,Cola
583,Jazz/Blues,Vodka/Whislkey,Other
584,Rock/HipHop,Beer/Wine,Sprite
585,Rock/HipHop,Vodka/Whislkey,Other
586,Jazz/Blues,Vodka/Whislkey,Other
587,Rock/HipHop,Vodka/Whislkey,Other
588,Jazz/Blues,Beer/Wine,Cola
589,Jazz/Blues,Vodka/Whislkey,Cola
590,Rock/HipHop,Vodka/Whislkey,Sprite
591,Jazz/Blues,Beer/Wine,Sprite
592,Rock/HipHop,Vodka/Whislkey,Cola
593,Rock/HipHop,Vodka/Whislkey,Sprite
594,Rock/HipHop,Beer/Wine,Other
595,Jazz/Blues,Vodka/Whislkey,Other
596,Jazz/Blues,Vodka/Whislkey,Other
597,Rock/HipHop,Vodka/Whislkey,Other
598,Jazz/Blues,Vodka/Whislkey,Other
599,Jazz/Blues,Beer/Wine,Other
600,Rock/HipHop,Beer/Wine,Sprite
601,Jazz/Blues,Beer/Wine,Other
602,Jazz/Blues,Beer/Wine,Sprite
603,Rock/HipHop,Vodka/Whislkey,Sprite
604,Jazz/Blues,Vodka/Whislkey,Cola
605,Rock/HipHop,Beer/Wine,Sprite
606,Rock/HipHop,Beer/Wine,Sprite
607,Jazz/Blues,Vodka/Whislkey,Other
608,Jazz/Blues,Beer/Wine,Cola
609,Jazz/Blues,Vodka/Whislkey,Cola
610,Jazz/Blues,Vodka/Whislkey,Sprite
611,Jazz/Blues,Vodka/Whislkey,Sprite
612,Rock/HipHop,Vodka/Whislkey,Cola
613,Jazz/Blues,Beer/Wine,Sprite
614,Jazz/Blues,Beer/Wine,Cola
615,Jazz/Blues,Beer/Wine,Cola
616,Rock/HipHop,Beer/Wine,Sprite
617,Rock/HipHop,Vodka/Whislkey,Other
618,Rock/HipHop,Beer/Wine,Cola
619,Jazz/Blues,Vodka/Whislkey,Sprite
620,Rock/HipHop,Beer/Wine,Sprite
621,Rock/HipHop,Vodka/Whislkey,Other
622,Jazz/Blues,Vodka/Whislkey,Sprite
623,Rock/HipHop,Beer/Wine,Other
624,Jazz/Blues,Vodka/Whislkey,Sprite
625,Rock/HipHop,Vodka/Whislkey,Cola
626,Rock/HipHop,Beer/Wine,Other
627,Jazz/Blues,Beer/Wine,Other
628,Rock/HipHop,Beer/Wine,Other
629,Jazz/Blues,Beer/Wine,Other
630,Jazz/Blues,Vodka/Whislkey,Sprite
631,Jazz/Blues,Vodka/Whislkey,Other
632,Jazz/Blues,Vodka/Whislkey,Cola
633,Jazz/Blues,Beer/Wine,Other
634,Rock/HipHop,Beer/Wine,Cola
635,Rock/HipHop,Vodka/Whislkey,Other
636,Rock/HipHop,Vodka/Whislkey,Cola
637,Jazz/Blues,Beer/Wine,Other
638,Jazz/Blues,Vodka/Whislkey,Cola
639,Rock/HipHop,Vodka/Whislkey,Sprite
640,Jazz/Blues,Vodka/Whislkey,Other
641,Jazz/Blues,Vodka/Whislkey,Other
642,Rock/HipHop,Beer/Wine,Sprite
643,Jazz/Blues,Vodka/Whislkey,Other
644,Rock/HipHop,Beer/Wine,Cola
645,Rock/HipHop,Beer/Wine,Sprite
646,Rock/HipHop,Vodka/Whislkey,Sprite
647,Jazz/Blues,Beer/Wine,Sprite
648,Rock/HipHop,Vodka/Whislkey,Other
649,Rock/HipHop,Beer/Wine,Other
650,Jazz/Blues,Beer/Wine,Cola
651,Rock/HipHop,Vodka/Whislkey,Other
652,Jazz/Blues,Beer/Wine,Cola
653,Rock/HipHop,Beer/Wine,Cola
654,Rock/HipHop,Beer/Wine,Other
655,Jazz/Blues,Vodka/Whislkey,Sprite
656,Rock/HipHop,Vodka/Whislkey,Sprite
657,Jazz/Blues,Vodka/Whislkey,Cola
658,Jazz/Blues,Beer/Wine,Sprite
659,Rock/HipHop,Beer/Wine,Sprite
660,Jazz/Blues,Beer/Wine,Sprite
661,Jazz/Blues,Vodka/Whislkey,Other
662,Rock/HipHop,Beer/Wine,Sprite
663,Jazz/Blues,Beer/Wine,Cola
664,Jazz/Blues,Vodka/Whislkey,Sprite
665,Rock/HipHop,Vodka/Whislkey,Cola
666,Jazz/Blues,Vodka/Whislkey,Sprite
667,Jazz/Blues,Beer/Wine,Cola
668,Rock/HipHop,Vodka/Whislkey,Sprite
669,Rock/HipHop,Vodka/Whislkey,Cola
670,Jazz/Blues,Beer/Wine,Cola
671,Rock/HipHop,Beer/Wine,Cola
672,Rock/HipHop,Vodka/Whislkey,Other
673,Rock/HipHop,Vodka/Whislkey,Sprite
674,Jazz/Blues,Vodka/Whislkey,Sprite
675,Jazz/Blues,Vodka/Whislkey,Other
676,Jazz/Blues,Beer/Wine,Cola
677,Jazz/Blues,Vodka/Whislkey,Cola
678,Rock/HipHop,Vodka/Whislkey,Cola
679,Jazz/Blues,Beer/Wine,Sprite
680,Rock/HipHop,Vodka/Whislkey,Cola
681,Jazz/Blues,Beer/Wine,Cola
682,Rock/HipHop,Vodka/Whislkey,Cola
683,Rock/HipHop,Beer/Wine,Cola
684,Jazz/Blues,Beer/Wine,Sprite
685,Rock/HipHop,Beer/Wine,Sprite
686,Jazz/Blues,Vodka/Whislkey,Other
687,Rock/HipHop,Beer/Wine,Sprite
688,Jazz/Blues,Vodka/Whislkey,Other
689,Rock/HipHop,Beer/Wine,Cola
690,Jazz/Blues,Beer/Wine,Cola
691,Rock/HipHop,Vodka/Whislkey,Other
692,Rock/HipHop,Vodka/Whislkey,Other
693,Jazz/Blues,Beer/Wine,Cola
694,Rock/HipHop,Vodka/Whislkey,Cola
695,Rock/HipHop,Vodka/Whislkey,Sprite
696,Rock/HipHop,Vodka/Whislkey,Sprite
697,Jazz/Blues,Vodka/Whislkey,Cola
698,Jazz/Blues,Beer/Wine,Other
699,Rock/HipHop,Beer/Wine,Sprite
700,Jazz/Blues,Beer/Wine,Sprite
701,Jazz/Blues,Beer/Wine,Cola
702,Jazz/Blues,Vodka/Whislkey,Sprite
703,Rock/HipHop,Beer/Wine,Cola
704,Rock/HipHop,Vodka/Whislkey,Cola
705,Rock/HipHop,Beer/Wine,Cola
706,Rock/HipHop,Beer/Wine,Cola
707,Rock/HipHop,Vodka/Whislkey,Cola
708,Jazz/Blues,Vodka/Whislkey,Sprite
709,Rock/HipHop,Vodka/Whislkey,Sprite
710,Rock/HipHop,Vodka/Whislkey,Sprite
711,Jazz/Blues,Vodka/Whislkey,Sprite
712,Jazz/Blues,Vodka/Whislkey,Sprite
713,Rock/HipHop,Beer/Wine,Cola
714,Jazz/Blues,Vodka/Whislkey,Cola
715,Rock/HipHop,Vodka/Whislkey,Sprite
716,Rock/HipHop,Beer/Wine,Other
717,Rock/HipHop,Beer/Wine,Sprite
718,Jazz/Blues,Beer/Wine,Cola
719,Jazz/Blues,Beer/Wine,Sprite
720,Jazz/Blues,Vodka/Whislkey,Sprite
721,Rock/HipHop,Beer/Wine,Cola
722,Jazz/Blues,Beer/Wine,Cola
723,Rock/HipHop,Beer/Wine,Other
724,Rock/HipHop,Vodka/Whislkey,Other
725,Rock/HipHop,Beer/Wine,Sprite
726,Rock/HipHop,Vodka/Whislkey,Other
727,Jazz/Blues,Vodka/Whislkey,Other
728,Rock/HipHop,Beer/Wine,Other
729,Jazz/Blues,Beer/Wine,Other
730,Jazz/Blues,Beer/Wine,Cola
731,Jazz/Blues,Beer/Wine,Other
732,Jazz/Blues,Vodka/Whislkey,Sprite
733,Rock/HipHop,Vodka/Whislkey,Cola
734,Rock/HipHop,Vodka/Whislkey,Sprite
735,Jazz/Blues,Beer/Wine,Cola
736,Jazz/Blues,Beer/Wine,Cola
737,Jazz/Blues,Vodka/Whislkey,Sprite
738,Rock/HipHop,Beer/Wine,Other
739,Jazz/Blues,Beer/Wine,Sprite
740,Jazz/Blues,Beer/Wine,Sprite
741,Jazz/Blues,Vodka/Whislkey,Sprite
742,Jazz/Blues,Vodka/Whislkey,Other
743,Rock/HipHop,Beer/Wine,Sprite
744,Jazz/Blues,Vodka/Whislkey,Cola
745,Rock/HipHop,Vodka/Whislkey,Sprite
746,Rock/HipHop,Vodka/Whislkey,Sprite
747,Jazz/Blues,Vodka/Whislkey,Other
748,Rock/HipHop,Beer/Wine,Other
749,Rock/HipHop,Beer/Wine,Other
750,Jazz/Blues,Beer/Wine,Cola
751,Rock/HipHop,Vodka/Whislkey,Other
752,Jazz/Blues,Beer/Wine,Other
753,Jazz/Blues,Vodka/Whislkey,Other
754,Rock/HipHop,Beer/Wine,Cola
755,Rock/HipHop,Vodka/Whislkey,Cola
756,Rock/HipHop,Beer/Wine,Cola
757,Jazz/Blues,Vodka/Whislkey,Cola
758,Jazz/Blues,Vodka/Whislkey,Cola
759,Rock/HipHop,Vodka/Whislkey,Sprite
760,Jazz/Blues,Beer/Wine,Other
761,Rock/HipHop,Vodka/Whislkey,Cola
762,Jazz/Blues,Vodka/Whislkey,Other
763,Jazz/Blues,Beer/Wine,Cola
764,Rock/HipHop,Beer/Wine,Cola
765,Jazz/Blues,Vodka/Whislkey,Cola
766,Rock/HipHop,Beer/Wine,Other
767,Rock/HipHop,Beer/Wine,Other
768,Rock/HipHop,Vodka/Whislkey,Sprite
769,Rock/HipHop,Beer/Wine,Sprite
770,Jazz/Blues,Beer/Wine,Sprite
771,Rock/HipHop,Vodka/Whislkey,Cola
772,Rock/HipHop,Beer/Wine,Sprite
773,Rock/HipHop,Beer/Wine,Other
774,Rock/HipHop,Vodka/Whislkey,Sprite
775,Jazz/Blues,Vodka/Whislkey,Cola
776,Rock/HipHop,Vodka/Whislkey,Sprite
777,Rock/HipHop,Vodka/Whislkey,Cola
778,Jazz/Blues,Beer/Wine,Other
779,Rock/HipHop,Beer/Wine,Sprite
780,Rock/HipHop,Beer/Wine,Cola
781,Rock/HipHop,Beer/Wine,Other
782,Rock/HipHop,Beer/Wine,Sprite
783,Rock/HipHop,Vodka/Whislkey,Cola
784,Rock/HipHop,Beer/Wine,Other
785,Jazz/Blues,Beer/Wine,Cola
786,Rock/HipHop,Beer/Wine,Other
787,Rock/HipHop,Beer/Wine,Other
788,Jazz/Blues,Vodka/Whislkey,Other
789,Rock/HipHop,Beer/Wine,Cola
790,Jazz/Blues,Vodka/Whislkey,Cola
791,Rock/HipHop,Vodka/Whislkey,Other
792,Rock/HipHop,Vodka/Whislkey,Other
793,Jazz/Blues,Beer/Wine,Cola
794,Jazz/Blues,Vodka/Whislkey,Sprite
795,Jazz/Blues,Vodka/Whislkey,Other
796,Jazz/Blues,Beer/Wine,Other
797,Jazz/Blues,Beer/Wine,Other
798,Rock/HipHop,Beer/Wine,Sprite
799,Jazz/Blues,Vodka/Whislkey,Sprite
800,Rock/HipHop,Beer/Wine,Sprite
801,Jazz/Blues,Vodka/Whislkey,Cola
802,Rock/HipHop,Vodka/Whislkey,Sprite
803,Jazz/Blues,Beer/Wine,Cola
804,Jazz/Blues,Vodka/Whislkey,Cola
805,Rock/HipHop,Beer/Wine,Cola
806,Rock/HipHop,Vodka/Whislkey,Sprite
807,Rock/HipHop,Vodka/Whislkey,Cola
808,Jazz/Blues,Beer/Wine,Sprite
809,Jazz/Blues,Vodka/Whislkey,Cola
810,Rock/HipHop,Vodka/Whislkey,Sprite
811,Jazz/Blues,Vodka/Whislkey,Sprite
812,Rock/HipHop,Vodka/Whislkey,Sprite
813,Jazz/Blues,Vodka/Whislkey,Cola
814,Jazz/Blues,Vodka/Whislkey,Other
815,Rock/HipHop,Vodka/Whislkey,Cola
816,Rock/HipHop,Beer/Wine,Cola
817,Rock/HipHop,Vodka/Whislkey,Cola
818,Jazz/Blues,Beer/Wine,Cola
819,Rock/HipHop,Vodka/Whislkey,Cola
820,Jazz/Blues,Vodka/Whislkey,Other
821,Rock/HipHop,Beer/Wine,Other
822,Jazz/Blues,Vodka/Whislkey,Sprite
823,Rock/HipHop,Beer/Wine,Cola
824,Rock/HipHop,Vodka/Whislkey,Other
825,Rock/HipHop,Vodka/Whislkey,Other
826,Rock/HipHop,Beer/Wine,Other
827,Rock/HipHop,Vodka/Whislkey,Cola
828,Jazz/Blues,Vodka/Whislkey,Sprite
829,Rock/HipHop,Beer/Wine,Cola
830,Rock/HipHop,Beer/Wine,Cola
831,Rock/HipHop,Beer/Wine,Cola
832,Jazz/Blues,Beer/Wine,Other
833,Rock/HipHop,Beer/Wine,Sprite
834,Jazz/Blues,Vodka/Whislkey,Sprite
835,Jazz/Blues,Vodka/Whislkey,Sprite
836,Jazz/Blues,Vodka/Whislkey,Cola
837,Jazz/Blues,Beer/Wine,Other
838,Jazz/Blues,Beer/Wine,Sprite
839,Rock/HipHop,Beer/Wine,Other
840,Jazz/Blues,Vodka/Whislkey,Sprite
841,Jazz/Blues,Beer/Wine,Cola
842,Rock/HipHop,Beer/Wine,Sprite
843,Jazz/Blues,Vodka/Whislkey,Cola
844,Jazz/Blues,Beer/Wine,Other
845,Rock/HipHop,Vodka/Whislkey,Sprite
846,Rock/HipHop,Beer/Wine,Other
847,Jazz/Blues,Beer/Wine,Cola
848,Rock/HipHop,Vodka/Whislkey,Cola
849,Jazz/Blues,Beer/Wine,Cola
850,Jazz/Blues,Vodka/Whislkey,Other
851,Rock/HipHop,Vodka/Whislkey,Other
852,Jazz/Blues,Vodka/Whislkey,Sprite
853,Rock/HipHop,Beer/Wine,Other
854,Rock/HipHop,Beer/Wine,Sprite
855,Jazz/Blues,Beer/Wine,Sprite
856,Jazz/Blues,Beer/Wine,Sprite
857,Jazz/Blues,Vodka/Whislkey,Sprite
858,Rock/HipHop,Beer/Wine,Cola
859,Jazz/Blues,Beer/Wine,Sprite
860,Rock/HipHop,Vodka/Whislkey,Other
861,Rock/HipHop,Vodka/Whislkey,Other
862,Jazz/Blues,Beer/Wine,Sprite
863,Jazz/Blues,Vodka/Whislkey,Cola
864,Jazz/Blues,Vodka/Whislkey,Cola
865,Jazz/Blues,Beer/Wine,Other
866,Jazz/Blues,Vodka/Whislkey,Sprite
867,Jazz/Blues,Vodka/Whislkey,Sprite
868,Rock/HipHop,Beer/Wine,Sprite
869,Rock/HipHop,Vodka/Whislkey,Other
870,Rock/HipHop,Beer/Wine,Cola
871,Jazz/Blues,Beer/Wine,Other
872,Jazz/Blues,Beer/Wine,Cola
873,Jazz/Blues,Vodka/Whislkey,Other
874,Jazz/Blues,Beer/Wine,Cola
875,Rock/HipHop,Beer/Wine,Cola
876,Jazz/Blues,Beer/Wine,Sprite
877,Rock/HipHop,Vodka/Whislkey,Cola
878,Jazz/Blues,Beer/Wine,Other
879,Jazz/Blues,Beer/Wine,Other
880,Jazz/Blues,Vodka/Whislkey,Other
881,Rock/HipHop,Beer/Wine,Cola
882,Jazz/Blues,Beer/Wine,Sprite
883,Rock/HipHop,Beer/Wine,Other
884,Rock/HipHop,Vodka/Whislkey,Sprite
885,Jazz/Blues,Vodka/Whislkey,Cola
886,Rock/HipHop,Vodka/Whislkey,Cola
887,Rock/HipHop,Beer/Wine,Cola
888,Rock/HipHop,Vodka/Whislkey,Cola
889,Rock/HipHop,Beer/Wine,Cola
890,Jazz/Blues,Beer/Wine,Cola
891,Jazz/Blues,Vodka/Whislkey,Other
892,Jazz/Blues,Vodka/Whislkey,Other
893,Rock/HipHop,Beer/Wine,Cola
894,Rock/HipHop,Beer/Wine,Sprite
895,Jazz/Blues,Vodka/Whislkey,Other
896,Jazz/Blues,Beer/Wine,Other
897,Rock/HipHop,Vodka/Whislkey,Sprite
898,Jazz/Blues,Vodka/Whislkey,Other
899,Rock/HipHop,Beer/Wine,Cola
900,Rock/HipHop,Vodka/Whislkey,Other
901,Jazz/Blues,Vodka/Whislkey,Sprite
902,Jazz/Blues,Vodka/Whislkey,Other
903,Jazz/Blues,Vodka/Whislkey,Other
904,Jazz/Blues,Beer/Wine,Cola
905,Rock/HipHop,Beer/Wine,Cola
906,Jazz/Blues,Vodka/Whislkey,Cola
907,Jazz/Blues,Beer/Wine,Sprite
908,Rock/HipHop,Beer/Wine,Sprite
909,Rock/HipHop,Vodka/Whislkey,Other
910,Jazz/Blues,Vodka/Whislkey,Other
911,Jazz/Blues,Beer/Wine,Sprite
912,Jazz/Blues,Vodka/Whislkey,Cola
913,Rock/HipHop,Beer/Wine,Other
914,Jazz/Blues,Beer/Wine,Other
915,Rock/HipHop,Beer/Wine,Cola
916,Jazz/Blues,Vodka/Whislkey,Cola
917,Rock/HipHop,Vodka/Whislkey,Cola
918,Jazz/Blues,Vodka/Whislkey,Sprite
919,Jazz/Blues,Beer/Wine,Cola
920,Jazz/Blues,Vodka/Whislkey,Sprite
921,Jazz/Blues,Vodka/Whislkey,Sprite
922,Rock/HipHop,Vodka/Whislkey,Cola
923,Rock/HipHop,Vodka/Whislkey,Other
924,Jazz/Blues,Beer/Wine,Other
925,Jazz/Blues,Beer/Wine,Cola
926,Rock/HipHop,Vodka/Whislkey,Other
927,Jazz/Blues,Vodka/Whislkey,Other
928,Rock/HipHop,Beer/Wine,Sprite
929,Rock/HipHop,Vodka/Whislkey,Sprite
930,Jazz/Blues,Beer/Wine,Cola
931,Jazz/Blues,Beer/Wine,Sprite
932,Jazz/Blues,Beer/Wine,Sprite
933,Jazz/Blues,Beer/Wine,Sprite
934,Jazz/Blues,Vodka/Whislkey,Cola
935,Jazz/Blues,Beer/Wine,Sprite
936,Jazz/Blues,Vodka/Whislkey,Other
937,Rock/HipHop,Beer/Wine,Sprite
938,Jazz/Blues,Vodka/Whislkey,Other
939,Rock/HipHop,Vodka/Whislkey,Sprite
940,Rock/HipHop,Beer/Wine,Other
941,Jazz/Blues,Vodka/Whislkey,Other
942,Jazz/Blues,Beer/Wine,Cola
943,Jazz/Blues,Beer/Wine,Other
944,Rock/HipHop,Vodka/Whislkey,Cola
945,Rock/HipHop,Beer/Wine,Cola
946,Rock/HipHop,Vodka/Whislkey,Sprite
947,Jazz/Blues,Beer/Wine,Cola
948,Rock/HipHop,Beer/Wine,Other
949,Rock/HipHop,Beer/Wine,Cola
950,Jazz/Blues,Beer/Wine,Sprite
951,Jazz/Blues,Beer/Wine,Other
952,Jazz/Blues,Beer/Wine,Cola
953,Rock/HipHop,Vodka/Whislkey,Cola
954,Rock/HipHop,Beer/Wine,Sprite
955,Rock/HipHop,Beer/Wine,Other
956,Jazz/Blues,Beer/Wine,Sprite
957,Rock/HipHop,Vodka/Whislkey,Sprite
958,Rock/HipHop,Beer/Wine,Sprite
959,Rock/HipHop,Vodka/Whislkey,Sprite
960,Rock/HipHop,Beer/Wine,Cola
961,Rock/HipHop,Vodka/Whislkey,Other
962,Jazz/Blues,Vodka/Whislkey,Sprite
963,Rock/HipHop,Beer/Wine,Cola
964,Rock/HipHop,Beer/Wine,Cola
965,Jazz/Blues,Vodka/Whislkey,Cola
966,Jazz/Blues,Beer/Wine,Other
967,Jazz/Blues,Vodka/Whislkey,Other
968,Rock/HipHop,Vodka/Whislkey,Cola
969,Rock/HipHop,Vodka/Whislkey,Sprite
970,Rock/HipHop,Vodka/Whislkey,Other
971,Jazz/Blues,Vodka/Whislkey,Other
972,Rock/HipHop,Beer/Wine,Sprite
973,Jazz/Blues,Beer/Wine,Cola
974,Jazz/Blues,Beer/Wine,Cola
975,Jazz/Blues,Beer/Wine,Cola
976,Rock/HipHop,Vodka/Whislkey,Other
977,Jazz/Blues,Vodka/Whislkey,Cola
978,Rock/HipHop,Beer/Wine,Cola
979,Jazz/Blues,Vodka/Whislkey,Cola
980,Rock/HipHop,Vodka/Whislkey,Sprite
981,Rock/HipHop,Vodka/Whislkey,Other
982,Jazz/Blues,Vodka/Whislkey,Cola
983,Jazz/Blues,Vodka/Whislkey,Other
984,Jazz/Blues,Vodka/Whislkey,Cola
985,Rock/HipHop,Vodka/Whislkey,Cola
986,Jazz/Blues,Vodka/Whislkey,Other
987,Jazz/Blues,Vodka/Whislkey,Cola
988,Rock/HipHop,Vodka/Whislkey,Cola
989,Rock/HipHop,Beer/Wine,Sprite
990,Jazz/Blues,Vodka/Whislkey,Cola
991,Rock/HipHop,Beer/Wine,Sprite
992,Jazz/Blues,Beer/Wine,Other
993,Jazz/Blues,Vodka/Whislkey,Sprite
994,Jazz/Blues,Beer/Wine,Cola
995,Rock/HipHop,Vodka/Whislkey,Cola
996,Rock/HipHop,Beer/Wine,Sprite
997,Rock/HipHop,Beer/Wine,Sprite
998,Rock/HipHop,Beer/Wine,Sprite
999,Rock/HipHop,Vodka/Whislkey,Other
1000,Rock/HipHop,Beer/Wine,Sprite
1001,Rock/HipHop,Beer/Wine,Other
1002,Jazz/Blues,Beer/Wine,Cola
1003,Jazz/Blues,Vodka/Whislkey,Sprite
1004,Rock/HipHop,Vodka/Whislkey,Sprite
1005,Jazz/Blues,Vodka/Whislkey,Other
1006,Rock/HipHop,Vodka/Whislkey,Sprite
1007,Rock/HipHop,Beer/Wine,Other
1008,Jazz/Blues,Beer/Wine,Cola
1009,Jazz/Blues,Vodka/Whislkey,Cola
1010,Rock/HipHop,Beer/Wine,Cola
1011,Rock/HipHop,Beer/Wine,Cola
1012,Jazz/Blues,Beer/Wine,Other
1013,Rock/HipHop,Beer/Wine,Sprite
1014,Jazz/Blues,Beer/Wine,Sprite
1015,Jazz/Blues,Vodka/Whislkey,Other
1016,Jazz/Blues,Vodka/Whislkey,Other
1017,Rock/HipHop,Beer/Wine,Other
1018,Rock/HipHop,Beer/Wine,Sprite
1019,Jazz/Blues,Beer/Wine,Cola
1020,Jazz/Blues,Beer/Wine,Sprite
1021,Jazz/Blues,Vodka/Whislkey,Sprite
1022,Jazz/Blues,Beer/Wine,Sprite
1023,Rock/HipHop,Beer/Wine,Cola
1024,Rock/HipHop,Beer/Wine,Sprite
1025,Rock/HipHop,Beer/Wine,Other
1026,Jazz/Blues,Vodka/Whislkey,Other
1027,Rock/HipHop,Beer/Wine,Sprite
1028,Jazz/Blues,Beer/Wine,Sprite
1029,Rock/HipHop,Beer/Wine,Cola
1030,Rock/HipHop,Vodka/Whislkey,Cola
1031,Jazz/Blues,Beer/Wine,Cola
1032,Rock/HipHop,Vodka/Whislkey,Cola
1033,Rock/HipHop,Vodka/Whislkey,Cola
1034,Jazz/Blues,Vodka/Whislkey,Other
1035,Rock/HipHop,Vodka/Whislkey,Other
1036,Jazz/Blues,Vodka/Whislkey,Sprite
1037,Jazz/Blues,Beer/Wine,Cola
1038,Jazz/Blues,Beer/Wine,Cola
1039,Rock/HipHop,Vodka/Whislkey,Cola
1040,Jazz/Blues,Beer/Wine,Sprite
1041,Rock/HipHop,Beer/Wine,Cola
1042,Jazz/Blues,Beer/Wine,Cola
1043,Rock/HipHop,Vodka/Whislkey,Cola
1044,Rock/HipHop,Beer/Wine,Other
1045,Rock/HipHop,Beer/Wine,Cola
1046,Jazz/Blues,Vodka/Whislkey,Sprite
1047,Jazz/Blues,Beer/Wine,Sprite
1048,Jazz/Blues,Vodka/Whislkey,Cola
1049,Rock/HipHop,Beer/Wine,Sprite
1050,Jazz/Blues,Beer/Wine,Cola
1051,Rock/HipHop,Beer/Wine,Sprite
1052,Rock/HipHop,Vodka/Whislkey,Other
1053,Jazz/Blues,Beer/Wine,Other
1054,Jazz/Blues,Beer/Wine,Sprite
1055,Rock/HipHop,Beer/Wine,Other
1056,Rock/HipHop,Beer/Wine,Sprite
1057,Rock/HipHop,Beer/Wine,Other
1058,Rock/HipHop,Vodka/Whislkey,Other
1059,Jazz/Blues,Beer/Wine,Other
1060,Rock/HipHop,Vodka/Whislkey,Cola
1061,Jazz/Blues,Vodka/Whislkey,Cola
1062,Jazz/Blues,Beer/Wine,Sprite
1063,Jazz/Blues,Vodka/Whislkey,Sprite
1064,Jazz/Blues,Beer/Wine,Other
1065,Rock/HipHop,Beer/Wine,Sprite
1066,Jazz/Blues,Beer/Wine,Cola
1067,Jazz/Blues,Vodka/Whislkey,Sprite
1068,Rock/HipHop,Vodka/Whislkey,Sprite
1069,Rock/HipHop,Beer/Wine,Other
1070,Rock/HipHop,Vodka/Whislkey,Cola
1071,Rock/HipHop,Beer/Wine,Sprite
1072,Rock/HipHop,Beer/Wine,Sprite
1073,Jazz/Blues,Vodka/Whislkey,Other
1074,Rock/HipHop,Vodka/Whislkey,Sprite
1075,Rock/HipHop,Vodka/Whislkey,Other
1076,Rock/HipHop,Beer/Wine,Sprite
1077,Jazz/Blues,Vodka/Whislkey,Sprite
1078,Jazz/Blues,Vodka/Whislkey,Other
1079,Rock/HipHop,Vodka/Whislkey,Cola
1080,Rock/HipHop,Vodka/Whislkey,Other
1081,Jazz/Blues,Beer/Wine,Cola
1082,Jazz/Blues,Vodka/Whislkey,Cola
1083,Rock/HipHop,Beer/Wine,Sprite
1084,Jazz/Blues,Beer/Wine,Cola
1085,Jazz/Blues,Vodka/Whislkey,Cola
1086,Jazz/Blues,Vodka/Whislkey,Cola
1087,Jazz/Blues,Beer/Wine,Sprite
1088,Rock/HipHop,Beer/Wine,Sprite
1089,Rock/HipHop,Beer/Wine,Sprite
1090,Rock/HipHop,Beer/Wine,Sprite
1091,Rock/HipHop,Vodka/Whislkey,Other
1092,Jazz/Blues,Beer/Wine,Sprite
1093,Jazz/Blues,Vodka/Whislkey,Cola
1094,Rock/HipHop,Beer/Wine,Sprite
1095,Jazz/Blues,Beer/Wine,Other
1096,Jazz/Blues,Beer/Wine,Sprite
1097,Jazz/Blues,Beer/Wine,Cola
1098,Rock/HipHop,Beer/Wine,Other
1099,Jazz/Blues,Vodka/Whislkey,Other
1100,Rock/HipHop,Vodka/Whislkey,Cola
1101,Rock/HipHop,Beer/Wine,Cola
1102,Jazz/Blues,Vodka/Whislkey,Cola
1103,Jazz/Blues,Vodka/Whislkey,Cola
1104,Rock/HipHop,Vodka/Whislkey,Cola
1105,Rock/HipHop,Beer/Wine,Sprite
1106,Jazz/Blues,Beer/Wine,Sprite
1107,Jazz/Blues,Vodka/Whislkey,Other
1108,Rock/HipHop,Vodka/Whislkey,Other
1109,Rock/HipHop,Beer/Wine,Other
1110,Rock/HipHop,Beer/Wine,Other
1111,Rock/HipHop,Vodka/Whislkey,Sprite
1112,Rock/HipHop,Beer/Wine,Sprite
1113,Jazz/Blues,Vodka/Whislkey,Cola
1114,Rock/HipHop,Beer/Wine,Other
1115,Jazz/Blues,Beer/Wine,Cola
1116,Jazz/Blues,Vodka/Whislkey,Cola
1117,Rock/HipHop,Vodka/Whislkey,Other
1118,Jazz/Blues,Vodka/Whislkey,Other
1119,Rock/HipHop,Vodka/Whislkey,Cola
1120,Rock/HipHop,Beer/Wine,Cola
1121,Rock/HipHop,Beer/Wine,Sprite
1122,Rock/HipHop,Vodka/Whislkey,Sprite
1123,Jazz/Blues,Beer/Wine,Cola
1124,Jazz/Blues,Beer/Wine,Cola
1125,Jazz/Blues,Vodka/Whislkey,Sprite
1126,Rock/HipHop,Vodka/Whislkey,Other
1127,Rock/HipHop,Vodka/Whislkey,Other
1128,Jazz/Blues,Vodka/Whislkey,Other
1129,Jazz/Blues,Vodka/Whislkey,Cola
1130,Jazz/Blues,Vodka/Whislkey,Cola
1131,Rock/HipHop,Beer/Wine,Sprite
1132,Rock/HipHop,Vodka/Whislkey,Other
1133,Rock/HipHop,Beer/Wine,Cola
1134,Jazz/Blues,Vodka/Whislkey,Sprite
1135,Jazz/Blues,Beer/Wine,Sprite
1136,Rock/HipHop,Vodka/Whislkey,Cola
1137,Jazz/Blues,Beer/Wine,Other
1138,Jazz/Blues,Vodka/Whislkey,Sprite
1139,Rock/HipHop,Vodka/Whislkey,Cola
1140,Jazz/Blues,Beer/Wine,Cola
1141,Rock/HipHop,Beer/Wine,Other
1142,Jazz/Blues,Beer/Wine,Cola
1143,Rock/HipHop,Beer/Wine,Other
1144,Rock/HipHop,Vodka/Whislkey,Other
1145,Jazz/Blues,Vodka/Whislkey,Cola
1146,Rock/HipHop,Beer/Wine,Cola
1147,Jazz/Blues,Beer/Wine,Other
1148,Rock/HipHop,Vodka/Whislkey,Sprite
1149,Jazz/Blues,Beer/Wine,Other
1150,Jazz/Blues,Beer/Wine,Other
1151,Rock/HipHop,Vodka/Whislkey,Other
1152,Jazz/Blues,Beer/Wine,Sprite
1153,Jazz/Blues,Vodka/Whislkey,Cola
1154,Rock/HipHop,Vodka/Whislkey,Sprite
1155,Jazz/Blues,Vodka/Whislkey,Other
1156,Jazz/Blues,Vodka/Whislkey,Cola
1157,Rock/HipHop,Vodka/Whislkey,Cola
1158,Jazz/Blues,Vodka/Whislkey,Sprite
1159,Rock/HipHop,Vodka/Whislkey,Other
1160,Rock/HipHop,Beer/Wine,Other
1161,Rock/HipHop,Vodka/Whislkey,Other
1162,Jazz/Blues,Beer/Wine,Cola
1163,Rock/HipHop,Vodka/Whislkey,Sprite
1164,Rock/HipHop,Vodka/Whislkey,Other
1165,Jazz/Blues,Beer/Wine,Sprite
1166,Jazz/Blues,Beer/Wine,Cola
1167,Rock/HipHop,Beer/Wine,Sprite
1168,Jazz/Blues,Beer/Wine,Sprite
1169,Rock/HipHop,Beer/Wine,Cola
1170,Rock/HipHop,Vodka/Whislkey,Cola
1171,Jazz/Blues,Vodka/Whislkey,Other
1172,Rock/HipHop,Vodka/Whislkey,Cola
1173,Jazz/Blues,Vodka/Whislkey,Other
1174,Jazz/Blues,Vodka/Whislkey,Other
1175,Jazz/Blues,Vodka/Whislkey,Cola
1176,Jazz/Blues,Beer/Wine,Sprite
1177,Rock/HipHop,Beer/Wine,Other
1178,Rock/HipHop,Beer/Wine,Other
1179,Rock/HipHop,Vodka/Whislkey,Cola
1180,Jazz/Blues,Beer/Wine,Other
1181,Jazz/Blues,Beer/Wine,Cola
1182,Jazz/Blues,Vodka/Whislkey,Sprite
1183,Jazz/Blues,Vodka/Whislkey,Sprite
1184,Jazz/Blues,Vodka/Whislkey,Sprite
1185,Jazz/Blues,Vodka/Whislkey,Other
1186,Rock/HipHop,Vodka/Whislkey,Other
1187,Rock/HipHop,Beer/Wine,Other
1188,Rock/HipHop,Beer/Wine,Cola
1189,Jazz/Blues,Vodka/Whislkey,Cola
1190,Jazz/Blues,Beer/Wine,Sprite
1191,Rock/HipHop,Vodka/Whislkey,Cola
1192,Jazz/Blues,Beer/Wine,Sprite
1193,Jazz/Blues,Vodka/Whislkey,Sprite
1194,Jazz/Blues,Beer/Wine,Cola
1195,Rock/HipHop,Beer/Wine,Other
1196,Rock/HipHop,Beer/Wine,Cola
1197,Rock/HipHop,Beer/Wine,Other
1198,Rock/HipHop,Vodka/Whislkey,Cola
1199,Rock/HipHop,Vodka/Whislkey,Other
1200,Rock/HipHop,Vodka/Whislkey,Other
1201,Jazz/Blues,Beer/Wine,Sprite
1202,Rock/HipHop,Beer/Wine,Cola
1203,Jazz/Blues,Beer/Wine,Other
1204,Rock/HipHop,Beer/Wine,Sprite
1205,Jazz/Blues,Vodka/Whislkey,Other
1206,Rock/HipHop,Beer/Wine,Sprite
1207,Rock/HipHop,Vodka/Whislkey,Sprite
1208,Rock/HipHop,Vodka/Whislkey,Other
1209,Rock/HipHop,Vodka/Whislkey,Other
1210,Jazz/Blues,Beer/Wine,Cola
1211,Rock/HipHop,Beer/Wine,Sprite
1212,Rock/HipHop,Beer/Wine,Other
1213,Jazz/Blues,Beer/Wine,Cola
1214,Rock/HipHop,Vodka/Whislkey,Cola
1215,Jazz/Blues,Beer/Wine,Other
1216,Jazz/Blues,Vodka/Whislkey,Other
1217,Rock/HipHop,Beer/Wine,Cola
1218,Rock/HipHop,Vodka/Whislkey,Sprite
1219,Jazz/Blues,Vodka/Whislkey,Sprite
1220,Jazz/Blues,Beer/Wine,Cola
1221,Rock/HipHop,Beer/Wine,Other
1222,Jazz/Blues,Beer/Wine,Other
1223,Rock/HipHop,Beer/Wine,Cola
1224,Jazz/Blues,Vodka/Whislkey,Cola
1225,Jazz/Blues,Beer/Wine,Cola
1226,Rock/HipHop,Beer/Wine,Cola
1227,Rock/HipHop,Beer/Wine,Sprite
1228,Rock/HipHop,Vodka/Whislkey,Sprite
1229,Jazz/Blues,Beer/Wine,Cola
1230,Rock/HipHop,Beer/Wine,Sprite
1231,Rock/HipHop,Vodka/Whislkey,Other
1232,Jazz/Blues,Vodka/Whislkey,Other
1233,Rock/HipHop,Beer/Wine,Cola
1234,Jazz/Blues,Vodka/Whislkey,Other
1235,Rock/HipHop,Vodka/Whislkey,Cola
1236,Rock/HipHop,Beer/Wine,Sprite
1237,Jazz/Blues,Vodka/Whislkey,Cola
1238,Jazz/Blues,Beer/Wine,Sprite
1239,Jazz/Blues,Vodka/Whislkey,Other
1240,Rock/HipHop,Vodka/Whislkey,Other
1241,Jazz/Blues,Beer/Wine,Other
1242,Jazz/Blues,Beer/Wine,Cola
1243,Jazz/Blues,Vodka/Whislkey,Sprite
1244,Jazz/Blues,Vodka/Whislkey,Sprite
1245,Jazz/Blues,Beer/Wine,Sprite
1246,Jazz/Blues,Beer/Wine,Sprite
1247,Jazz/Blues,Beer/Wine,Other
1248,Rock/HipHop,Beer/Wine,Sprite
1249,Rock/HipHop,Vodka/Whislkey,Cola
1250,Rock/HipHop,Beer/Wine,Sprite
1251,Jazz/Blues,Beer/Wine,Other
1252,Rock/HipHop,Vodka/Whislkey,Cola
1253,Jazz/Blues,Beer/Wine,Cola
1254,Jazz/Blues,Beer/Wine,Cola
1255,Rock/HipHop,Vodka/Whislkey,Cola
1256,Jazz/Blues,Beer/Wine,Cola
1257,Rock/HipHop,Vodka/Whislkey,Cola
1258,Rock/HipHop,Vodka/Whislkey,Other
1259,Jazz/Blues,Beer/Wine,Other
1260,Jazz/Blues,Beer/Wine,Other
1261,Rock/HipHop,Vodka/Whislkey,Other
1262,Jazz/Blues,Vodka/Whislkey,Sprite
1263,Rock/HipHop,Vodka/Whislkey,Other
1264,Jazz/Blues,Beer/Wine,Sprite
1265,Jazz/Blues,Beer/Wine,Sprite
1266,Rock/HipHop,Beer/Wine,Other
1267,Rock/HipHop,Vodka/Whislkey,Other
1268,Jazz/Blues,Beer/Wine,Cola
1269,Jazz/Blues,Beer/Wine,Sprite
1270,Jazz/Blues,Beer/Wine,Other
1271,Jazz/Blues,Vodka/Whislkey,Other
1272,Rock/HipHop,Vodka/Whislkey,Sprite
1273,Rock/HipHop,Vodka/Whislkey,Other
1274,Rock/HipHop,Vodka/Whislkey,Cola
1275,Rock/HipHop,Beer/Wine,Other
1276,Jazz/Blues,Beer/Wine,Other
1277,Rock/HipHop,Beer/Wine,Cola
1278,Jazz/Blues,Vodka/Whislkey,Cola
1279,Rock/HipHop,Beer/Wine,Other
1280,Rock/HipHop,Vodka/Whislkey,Other
1281,Jazz/Blues,Vodka/Whislkey,Other
1282,Rock/HipHop,Vodka/Whislkey,Sprite
1283,Jazz/Blues,Vodka/Whislkey,Cola
1284,Rock/HipHop,Vodka/Whislkey,Other
1285,Rock/HipHop,Vodka/Whislkey,Cola
1286,Jazz/Blues,Vodka/Whislkey,Cola
1287,Jazz/Blues,Beer/Wine,Sprite
1288,Jazz/Blues,Beer/Wine,Cola
1289,Jazz/Blues,Beer/Wine,Other
1290,Jazz/Blues,Beer/Wine,Other
1291,Rock/HipHop,Vodka/Whislkey,Other
1292,Jazz/Blues,Beer/Wine,Cola
1293,Jazz/Blues,Vodka/Whislkey,Cola
1294,Rock/HipHop,Vodka/Whislkey,Other
1295,Rock/HipHop,Beer/Wine,Sprite
1296,Jazz/Blues,Vodka/Whislkey,Sprite
1297,Jazz/Blues,Vodka/Whislkey,Cola
1298,Rock/HipHop,Beer/Wine,Other
1299,Jazz/Blues,Beer/Wine,Cola
1300,Rock/HipHop,Beer/Wine,Other
1301,Jazz/Blues,Beer/Wine,Other
1302,Rock/HipHop,Beer/Wine,Other
1303,Rock/HipHop,Vodka/Whislkey,Cola
1304,Rock/HipHop,Vodka/Whislkey,Sprite
1305,Jazz/Blues,Beer/Wine,Sprite
1306,Jazz/Blues,Vodka/Whislkey,Other
1307,Jazz/Blues,Beer/Wine,Cola
1308,Rock/HipHop,Vodka/Whislkey,Sprite
1309,Jazz/Blues,Beer/Wine,Cola
1310,Jazz/Blues,Vodka/Whislkey,Other
1311,Jazz/Blues,Beer/Wine,Other
1312,Rock/HipHop,Vodka/Whislkey,Cola
1313,Rock/HipHop,Beer/Wine,Sprite
1314,Jazz/Blues,Beer/Wine,Sprite
1315,Jazz/Blues,Vodka/Whislkey,Other
1316,Rock/HipHop,Beer/Wine,Cola
1317,Rock/HipHop,Beer/Wine,Cola
1318,Rock/HipHop,Vodka/Whislkey,Other
1319,Jazz/Blues,Vodka/Whislkey,Sprite
1320,Rock/HipHop,Vodka/Whislkey,Sprite
1321,Rock/HipHop,Beer/Wine,Cola
1322,Jazz/Blues,Vodka/Whislkey,Cola
1323,Rock/HipHop,Beer/Wine,Sprite
1324,Rock/HipHop,Beer/Wine,Other
1325,Rock/HipHop,Beer/Wine,Cola
1326,Jazz/Blues,Beer/Wine,Other
1327,Jazz/Blues,Vodka/Whislkey,Other
1328,Rock/HipHop,Vodka/Whislkey,Cola
1329,Jazz/Blues,Beer/Wine,Sprite
1330,Jazz/Blues,Vodka/Whislkey,Other
1331,Jazz/Blues,Vodka/Whislkey,Cola
1332,Jazz/Blues,Beer/Wine,Cola
1333,Jazz/Blues,Vodka/Whislkey,Cola
1334,Rock/HipHop,Vodka/Whislkey,Other
1335,Jazz/Blues,Vodka/Whislkey,Sprite
1336,Jazz/Blues,Vodka/Whislkey,Other
1337,Rock/HipHop,Vodka/Whislkey,Other
1338,Jazz/Blues,Beer/Wine,Other
1339,Jazz/Blues,Vodka/Whislkey,Cola
1340,Rock/HipHop,Beer/Wine,Sprite
1341,Rock/HipHop,Beer/Wine,Cola
1342,Jazz/Blues,Vodka/Whislkey,Other
1343,Rock/HipHop,Beer/Wine,Sprite
1344,Jazz/Blues,Beer/Wine,Sprite
1345,Jazz/Blues,Vodka/Whislkey,Sprite
1346,Jazz/Blues,Vodka/Whislkey,Sprite
1347,Jazz/Blues,Vodka/Whislkey,Other
1348,Jazz/Blues,Vodka/Whislkey,Sprite
1349,Jazz/Blues,Vodka/Whislkey,Other
1350,Jazz/Blues,Beer/Wine,Sprite
1351,Rock/HipHop,Vodka/Whislkey,Sprite
1352,Rock/HipHop,Beer/Wine,Other
1353,Rock/HipHop,Beer/Wine,Sprite
1354,Jazz/Blues,Vodka/Whislkey,Other
1355,Jazz/Blues,Beer/Wine,Cola
1356,Jazz/Blues,Vodka/Whislkey,Cola
1357,Jazz/Blues,Vodka/Whislkey,Sprite
1358,Jazz/Blues,Beer/Wine,Other
1359,Rock/HipHop,Beer/Wine,Cola
1360,Jazz/Blues,Vodka/Whislkey,Other
1361,Jazz/Blues,Vodka/Whislkey,Other
1362,Jazz/Blues,Beer/Wine,Other
1363,Jazz/Blues,Beer/Wine,Cola
1364,Jazz/Blues,Beer/Wine,Cola
1365,Rock/HipHop,Vodka/Whislkey,Sprite
1366,Jazz/Blues,Beer/Wine,Cola
1367,Rock/HipHop,Vodka/Whislkey,Other
1368,Rock/HipHop,Beer/Wine,Other
1369,Rock/HipHop,Vodka/Whislkey,Cola
1370,Jazz/Blues,Beer/Wine,Cola
1371,Rock/HipHop,Beer/Wine,Cola
1372,Jazz/Blues,Vodka/Whislkey,Other
1373,Jazz/Blues,Beer/Wine,Other
1374,Jazz/Blues,Vodka/Whislkey,Cola
1375,Jazz/Blues,Vodka/Whislkey,Cola
1376,Jazz/Blues,Vodka/Whislkey,Other
1377,Rock/HipHop,Beer/Wine,Other
1378,Jazz/Blues,Beer/Wine,Sprite
1379,Rock/HipHop,Vodka/Whislkey,Cola
1380,Jazz/Blues,Vodka/Whislkey,Sprite
1381,Jazz/Blues,Vodka/Whislkey,Cola
1382,Jazz/Blues,Beer/Wine,Other
1383,Jazz/Blues,Beer/Wine,Other
1384,Jazz/Blues,Beer/Wine,Other
1385,Rock/HipHop,Beer/Wine,Sprite
1386,Jazz/Blues,Beer/Wine,Other
1387,Jazz/Blues,Beer/Wine,Other
1388,Rock/HipHop,Vodka/Whislkey,Cola
1389,Jazz/Blues,Vodka/Whislkey,Cola
1390,Rock/HipHop,Beer/Wine,Cola
1391,Rock/HipHop,Vodka/Whislkey,Other
1392,Rock/HipHop,Vodka/Whislkey,Cola
1393,Rock/HipHop,Beer/Wine,Sprite
1394,Jazz/Blues,Vodka/Whislkey,Cola
1395,Jazz/Blues,Vodka/Whislkey,Sprite
1396,Jazz/Blues,Beer/Wine,Other
1397,Jazz/Blues,Beer/Wine,Other
1398,Rock/HipHop,Vodka/Whislkey,Other
1399,Rock/HipHop,Vodka/Whislkey,Cola
1400,Rock/HipHop,Vodka/Whislkey,Cola
1401,Jazz/Blues,Vodka/Whislkey,Other
1402,Rock/HipHop,Beer/Wine,Sprite
1403,Jazz/Blues,Beer/Wine,Other
1404,Rock/HipHop,Vodka/Whislkey,Sprite
1405,Rock/HipHop,Vodka/Whislkey,Cola
1406,Rock/HipHop,Vodka/Whislkey,Cola
1407,Jazz/Blues,Vodka/Whislkey,Other
1408,Jazz/Blues,Vodka/Whislkey,Other
1409,Rock/HipHop,Beer/Wine,Other
1410,Jazz/Blues,Beer/Wine,Other
1411,Jazz/Blues,Vodka/Whislkey,Sprite
1412,Rock/HipHop,Beer/Wine,Sprite
1413,Jazz/Blues,Beer/Wine,Sprite
1414,Jazz/Blues,Beer/Wine,Cola
1415,Jazz/Blues,Vodka/Whislkey,Cola
1416,Jazz/Blues,Beer/Wine,Cola
1417,Rock/HipHop,Vodka/Whislkey,Other
1418,Jazz/Blues,Beer/Wine,Cola
1419,Jazz/Blues,Vodka/Whislkey,Other
1420,Rock/HipHop,Beer/Wine,Cola
1421,Jazz/Blues,Vodka/Whislkey,Other
1422,Rock/HipHop,Beer/Wine,Other
1423,Rock/HipHop,Beer/Wine,Cola
1424,Rock/HipHop,Beer/Wine,Other
1425,Rock/HipHop,Beer/Wine,Sprite
1426,Jazz/Blues,Vodka/Whislkey,Cola
1427,Jazz/Blues,Vodka/Whislkey,Sprite
1428,Rock/HipHop,Vodka/Whislkey,Cola
1429,Jazz/Blues,Vodka/Whislkey,Other
1430,Rock/HipHop,Beer/Wine,Other
1431,Rock/HipHop,Beer/Wine,Cola
1432,Jazz/Blues,Beer/Wine,Cola
1433,Jazz/Blues,Vodka/Whislkey,Cola
1434,Jazz/Blues,Beer/Wine,Cola
1435,Rock/HipHop,Vodka/Whislkey,Sprite
1436,Rock/HipHop,Beer/Wine,Sprite
1437,Jazz/Blues,Beer/Wine,Cola
1438,Jazz/Blues,Vodka/Whislkey,Other
1439,Rock/HipHop,Vodka/Whislkey,Other
1440,Jazz/Blues,Vodka/Whislkey,Cola
1441,Jazz/Blues,Vodka/Whislkey,Other
1442,Jazz/Blues,Beer/Wine,Cola
1443,Rock/HipHop,Beer/Wine,Sprite
1444,Jazz/Blues,Vodka/Whislkey,Cola
1445,Rock/HipHop,Vodka/Whislkey,Other
1446,Rock/HipHop,Beer/Wine,Cola
1447,Rock/HipHop,Vodka/Whislkey,Sprite
1448,Jazz/Blues,Beer/Wine,Sprite
1449,Jazz/Blues,Beer/Wine,Sprite
1450,Rock/HipHop,Beer/Wine,Sprite
1451,Jazz/Blues,Beer/Wine,Other
1452,Rock/HipHop,Beer/Wine,Sprite
1453,Jazz/Blues,Beer/Wine,Cola
1454,Rock/HipHop,Beer/Wine,Cola
1455,Rock/HipHop,Beer/Wine,Other
1456,Jazz/Blues,Beer/Wine,Other
1457,Jazz/Blues,Vodka/Whislkey,Cola
1458,Jazz/Blues,Beer/Wine,Other
1459,Jazz/Blues,Vodka/Whislkey,Other
1460,Jazz/Blues,Beer/Wine,Other
1461,Rock/HipHop,Beer/Wine,Other
1462,Jazz/Blues,Vodka/Whislkey,Sprite
1463,Rock/HipHop,Vodka/Whislkey,Cola
1464,Rock/HipHop,Vodka/Whislkey,Sprite
1465,Rock/HipHop,Vodka/Whislkey,Sprite
1466,Jazz/Blues,Beer/Wine,Cola
1467,Rock/HipHop,Vodka/Whislkey,Sprite
1468,Rock/HipHop,Vodka/Whislkey,Sprite
1469,Jazz/Blues,Vodka/Whislkey,Cola
1470,Jazz/Blues,Vodka/Whislkey,Other
1471,Rock/HipHop,Beer/Wine,Sprite
1472,Rock/HipHop,Beer/Wine,Sprite
1473,Jazz/Blues,Beer/Wine,Other
1474,Rock/HipHop,Beer/Wine,Sprite
1475,Jazz/Blues,Beer/Wine,Cola
1476,Jazz/Blues,Vodka/Whislkey,Other
1477,Rock/HipHop,Beer/Wine,Sprite
1478,Rock/HipHop,Vodka/Whislkey,Other
1479,Rock/HipHop,Beer/Wine,Cola
1480,Jazz/Blues,Vodka/Whislkey,Cola
1481,Rock/HipHop,Vodka/Whislkey,Cola
1482,Jazz/Blues,Vodka/Whislkey,Other
1483,Jazz/Blues,Beer/Wine,Sprite
1484,Rock/HipHop,Beer/Wine,Sprite
1485,Rock/HipHop,Vodka/Whislkey,Other
1486,Rock/HipHop,Beer/Wine,Other
1487,Rock/HipHop,Beer/Wine,Sprite
1488,Jazz/Blues,Vodka/Whislkey,Cola
1489,Jazz/Blues,Vodka/Whislkey,Other
1490,Jazz/Blues,Vodka/Whislkey,Cola
1491,Jazz/Blues,Beer/Wine,Cola
1492,Jazz/Blues,Vodka/Whislkey,Cola
1493,Jazz/Blues,Beer/Wine,Other
1494,Jazz/Blues,Beer/Wine,Sprite
1495,Jazz/Blues,Beer/Wine,Sprite
1496,Jazz/Blues,Vodka/Whislkey,Sprite
1497,Rock/HipHop,Vodka/Whislkey,Sprite
1498,Rock/HipHop,Vodka/Whislkey,Other
1499,Rock/HipHop,Vodka/Whislkey,Sprite
1500,Rock/HipHop,Beer/Wine,Sprite
1501,Rock/HipHop,Beer/Wine,Other
1502,Jazz/Blues,Vodka/Whislkey,Other
1503,Rock/HipHop,Vodka/Whislkey,Other
1504,Jazz/Blues,Beer/Wine,Other
1505,Jazz/Blues,Beer/Wine,Sprite
1506,Jazz/Blues,Vodka/Whislkey,Other
1507,Jazz/Blues,Vodka/Whislkey,Sprite
1508,Rock/HipHop,Beer/Wine,Other
1509,Rock/HipHop,Beer/Wine,Cola
1510,Rock/HipHop,Vodka/Whislkey,Other
1511,Jazz/Blues,Beer/Wine,Cola
1512,Rock/HipHop,Vodka/Whislkey,Sprite
1513,Rock/HipHop,Vodka/Whislkey,Sprite
1514,Jazz/Blues,Beer/Wine,Cola
1515,Jazz/Blues,Vodka/Whislkey,Sprite
1516,Rock/HipHop,Beer/Wine,Cola
1517,Jazz/Blues,Vodka/Whislkey,Other
1518,Rock/HipHop,Vodka/Whislkey,Cola
1519,Rock/HipHop,Vodka/Whislkey,Cola
1520,Rock/HipHop,Beer/Wine,Sprite
1521,Rock/HipHop,Vodka/Whislkey,Sprite
1522,Jazz/Blues,Beer/Wine,Cola
1523,Jazz/Blues,Beer/Wine,Sprite
1524,Jazz/Blues,Beer/Wine,Sprite
1525,Rock/HipHop,Beer/Wine,Cola
1526,Jazz/Blues,Vodka/Whislkey,Cola
1527,Jazz/Blues,Vodka/Whislkey,Cola
1528,Rock/HipHop,Beer/Wine,Sprite
1529,Jazz/Blues,Beer/Wine,Sprite
1530,Jazz/Blues,Vodka/Whislkey,Sprite
1531,Rock/HipHop,Beer/Wine,Sprite
1532,Jazz/Blues,Vodka/Whislkey,Other
1533,Jazz/Blues,Beer/Wine,Other
1534,Rock/HipHop,Vodka/Whislkey,Cola
1535,Jazz/Blues,Beer/Wine,Other
1536,Rock/HipHop,Vodka/Whislkey,Sprite
1537,Rock/HipHop,Vodka/Whislkey,Sprite
1538,Rock/HipHop,Beer/Wine,Sprite
1539,Jazz/Blues,Beer/Wine,Sprite
1540,Rock/HipHop,Vodka/Whislkey,Other
1541,Rock/HipHop,Vodka/Whislkey,Cola
1542,Jazz/Blues,Vodka/Whislkey,Sprite
1543,Jazz/Blues,Vodka/Whislkey,Other
1544,Rock/HipHop,Vodka/Whislkey,Cola
1545,Jazz/Blues,Vodka/Whislkey,Cola
1546,Rock/HipHop,Beer/Wine,Other
1547,Jazz/Blues,Beer/Wine,Sprite
1548,Rock/HipHop,Beer/Wine,Other
1549,Jazz/Blues,Vodka/Whislkey,Sprite
1550,Rock/HipHop,Beer/Wine,Sprite
1551,Rock/HipHop,Beer/Wine,Sprite
1552,Rock/HipHop,Vodka/Whislkey,Cola
1553,Rock/HipHop,Vodka/Whislkey,Other
1554,Rock/HipHop,Beer/Wine,Cola
1555,Rock/HipHop,Beer/Wine,Cola
1556,Jazz/Blues,Beer/Wine,Other
1557,Jazz/Blues,Beer/Wine,Sprite
1558,Jazz/Blues,Vodka/Whislkey,Sprite
1559,Rock/HipHop,Vodka/Whislkey,Other
1560,Jazz/Blues,Vodka/Whislkey,Cola
1561,Rock/HipHop,Beer/Wine,Sprite
1562,Jazz/Blues,Beer/Wine,Sprite
1563,Jazz/Blues,Vodka/Whislkey,Cola
1564,Jazz/Blues,Vodka/Whislkey,Other
1565,Rock/HipHop,Beer/Wine,Other
1566,Jazz/Blues,Beer/Wine,Other
1567,Rock/HipHop,Vodka/Whislkey,Cola
1568,Jazz/Blues,Beer/Wine,Cola
1569,Rock/HipHop,Beer/Wine,Sprite
1570,Rock/HipHop,Vodka/Whislkey,Cola
1571,Jazz/Blues,Vodka/Whislkey,Sprite
1572,Rock/HipHop,Beer/Wine,Sprite
1573,Jazz/Blues,Beer/Wine,Sprite
1574,Jazz/Blues,Beer/Wine,Other
1575,Jazz/Blues,Vodka/Whislkey,Sprite
1576,Jazz/Blues,Beer/Wine,Cola
1577,Jazz/Blues,Beer/Wine,Sprite
1578,Jazz/Blues,Vodka/Whislkey,Cola
1579,Jazz/Blues,Beer/Wine,Sprite
1580,Jazz/Blues,Beer/Wine,Other
1581,Jazz/Blues,Beer/Wine,Other
1582,Rock/HipHop,Beer/Wine,Other
1583,Jazz/Blues,Vodka/Whislkey,Cola
1584,Rock/HipHop,Beer/Wine,Sprite
1585,Rock/HipHop,Beer/Wine,Other
1586,Jazz/Blues,Vodka/Whislkey,Other
1587,Rock/HipHop,Beer/Wine,Sprite
1588,Rock/HipHop,Vodka/Whislkey,Sprite
1589,Jazz/Blues,Beer/Wine,Sprite
1590,Rock/HipHop,Beer/Wine,Sprite
1591,Jazz/Blues,Vodka/Whislkey,Cola
1592,Jazz/Blues,Beer/Wine,Cola
1593,Jazz/Blues,Vodka/Whislkey,Sprite
1594,Rock/HipHop,Beer/Wine,Cola
1595,Jazz/Blues,Beer/Wine,Other
1596,Jazz/Blues,Vodka/Whislkey,Other
1597,Rock/HipHop,Vodka/Whislkey,Other
1598,Rock/HipHop,Beer/Wine,Sprite
1599,Jazz/Blues,Beer/Wine,Sprite
1600,Jazz/Blues,Beer/Wine,Sprite
1601,Jazz/Blues,Vodka/Whislkey,Other
1602,Rock/HipHop,Vodka/Whislkey,Other
1603,Jazz/Blues,Beer/Wine,Cola
1604,Rock/HipHop,Vodka/Whislkey,Sprite
1605,Jazz/Blues,Beer/Wine,Other
1606,Jazz/Blues,Vodka/Whislkey,Other
1607,Jazz/Blues,Vodka/Whislkey,Sprite
1608,Jazz/Blues,Vodka/Whislkey,Sprite
1609,Jazz/Blues,Vodka/Whislkey,Other
1610,Jazz/Blues,Beer/Wine,Other
1611,Rock/HipHop,Beer/Wine,Cola
1612,Jazz/Blues,Beer/Wine,Cola
1613,Jazz/Blues,Vodka/Whislkey,Other
1614,Rock/HipHop,Vodka/Whislkey,Sprite
1615,Jazz/Blues,Beer/Wine,Other
1616,Rock/HipHop,Vodka/Whislkey,Cola
1617,Jazz/Blues,Vodka/Whislkey,Other
1618,Jazz/Blues,Beer/Wine,Cola
1619,Rock/HipHop,Vodka/Whislkey,Sprite
1620,Jazz/Blues,Beer/Wine,Sprite
1621,Jazz/Blues,Vodka/Whislkey,Sprite
1622,Rock/HipHop,Beer/Wine,Other
1623,Jazz/Blues,Vodka/Whislkey,Other
1624,Rock/HipHop,Vodka/Whislkey,Cola
1625,Rock/HipHop,Vodka/Whislkey,Sprite
1626,Jazz/Blues,Beer/Wine,Cola
1627,Rock/HipHop,Beer/Wine,Other
1628,Jazz/Blues,Vodka/Whislkey,Cola
1629,Jazz/Blues,Vodka/Whislkey,Other
1630,Jazz/Blues,Beer/Wine,Other
1631,Jazz/Blues,Beer/Wine,Sprite
1632,Rock/HipHop,Beer/Wine,Cola
1633,Rock/HipHop,Vodka/Whislkey,Cola
1634,Jazz/Blues,Beer/Wine,Cola
1635,Rock/HipHop,Beer/Wine,Cola
1636,Rock/HipHop,Beer/Wine,Cola
1637,Rock/HipHop,Beer/Wine,Other
1638,Rock/HipHop,Beer/Wine,Sprite
1639,Jazz/Blues,Vodka/Whislkey,Other
1640,Jazz/Blues,Vodka/Whislkey,Sprite
1641,Rock/HipHop,Vodka/Whislkey,Sprite
1642,Rock/HipHop,Vodka/Whislkey,Sprite
1643,Jazz/Blues,Vodka/Whislkey,Sprite
1644,Rock/HipHop,Beer/Wine,Sprite
1645,Jazz/Blues,Vodka/Whislkey,Cola
1646,Jazz/Blues,Beer/Wine,Sprite
1647,Jazz/Blues,Beer/Wine,Sprite
1648,Jazz/Blues,Beer/Wine,Sprite
1649,Rock/HipHop,Vodka/Whislkey,Cola
1650,Jazz/Blues,Beer/Wine,Other
1651,Rock/HipHop,Vodka/Whislkey,Other
1652,Rock/HipHop,Vodka/Whislkey,Other
1653,Rock/HipHop,Beer/Wine,Cola
1654,Jazz/Blues,Beer/Wine,Cola
1655,Rock/HipHop,Beer/Wine,Cola
1656,Rock/HipHop,Beer/Wine,Sprite
1657,Jazz/Blues,Beer/Wine,Sprite
1658,Rock/HipHop,Beer/Wine,Other
1659,Jazz/Blues,Beer/Wine,Other
1660,Jazz/Blues,Vodka/Whislkey,Other
1661,Rock/HipHop,Vodka/Whislkey,Other
1662,Rock/HipHop,Vodka/Whislkey,Cola
1663,Jazz/Blues,Beer/Wine,Sprite
1664,Jazz/Blues,Vodka/Whislkey,Sprite
1665,Rock/HipHop,Beer/Wine,Other
1666,Jazz/Blues,Beer/Wine,Cola
1667,Jazz/Blues,Beer/Wine,Other
1668,Rock/HipHop,Vodka/Whislkey,Other
1669,Jazz/Blues,Beer/Wine,Sprite
1670,Rock/HipHop,Beer/Wine,Sprite
1671,Jazz/Blues,Vodka/Whislkey,Cola
1672,Rock/HipHop,Vodka/Whislkey,Sprite
1673,Rock/HipHop,Beer/Wine,Cola
1674,Jazz/Blues,Vodka/Whislkey,Sprite
1675,Rock/HipHop,Vodka/Whislkey,Sprite
1676,Rock/HipHop,Beer/Wine,Other
1677,Jazz/Blues,Beer/Wine,Other
1678,Rock/HipHop,Beer/Wine,Sprite
1679,Jazz/Blues,Beer/Wine,Other
1680,Jazz/Blues,Vodka/Whislkey,Cola
1681,Jazz/Blues,Vodka/Whislkey,Other
1682,Rock/HipHop,Vodka/Whislkey,Sprite
1683,Rock/HipHop,Vodka/Whislkey,Cola
1684,Jazz/Blues,Vodka/Whislkey,Cola
1685,Rock/HipHop,Vodka/Whislkey,Other
1686,Jazz/Blues,Beer/Wine,Other
1687,Jazz/Blues,Vodka/Whislkey,Sprite
1688,Rock/HipHop,Vodka/Whislkey,Other
1689,Jazz/Blues,Beer/Wine,Sprite
1690,Rock/HipHop,Vodka/Whislkey,Sprite
1691,Jazz/Blues,Vodka/Whislkey,Other
1692,Jazz/Blues,Vodka/Whislkey,Sprite
1693,Rock/HipHop,Beer/Wine,Other
1694,Rock/HipHop,Vodka/Whislkey,Other
1695,Jazz/Blues,Vodka/Whislkey,Other
1696,Jazz/Blues,Beer/Wine,Sprite
1697,Rock/HipHop,Beer/Wine,Other
1698,Rock/HipHop,Beer/Wine,Other
1699,Rock/HipHop,Vodka/Whislkey,Cola
1700,Jazz/Blues,Beer/Wine,Cola
1701,Jazz/Blues,Vodka/Whislkey,Cola
1702,Jazz/Blues,Beer/Wine,Sprite
1703,Jazz/Blues,Vodka/Whislkey,Sprite
1704,Rock/HipHop,Vodka/Whislkey,Other
1705,Jazz/Blues,Vodka/Whislkey,Sprite
1706,Jazz/Blues,Beer/Wine,Sprite
1707,Jazz/Blues,Vodka/Whislkey,Sprite
1708,Rock/HipHop,Vodka/Whislkey,Other
1709,Rock/HipHop,Beer/Wine,Other
1710,Rock/HipHop,Beer/Wine,Sprite
1711,Jazz/Blues,Vodka/Whislkey,Other
1712,Jazz/Blues,Vodka/Whislkey,Sprite
1713,Jazz/Blues,Beer/Wine,Other
1714,Rock/HipHop,Beer/Wine,Other
1715,Jazz/Blues,Vodka/Whislkey,Sprite
1716,Jazz/Blues,Beer/Wine,Sprite
1717,Jazz/Blues,Vodka/Whislkey,Other
1718,Jazz/Blues,Vodka/Whislkey,Other
1719,Jazz/Blues,Beer/Wine,Sprite
1720,Rock/HipHop,Beer/Wine,Cola
1721,Rock/HipHop,Vodka/Whislkey,Other
1722,Rock/HipHop,Vodka/Whislkey,Cola
1723,Rock/HipHop,Beer/Wine,Cola
1724,Rock/HipHop,Beer/Wine,Cola
1725,Jazz/Blues,Beer/Wine,Sprite
1726,Rock/HipHop,Beer/Wine,Other
1727,Rock/HipHop,Beer/Wine,Cola
1728,Jazz/Blues,Vodka/Whislkey,Cola
1729,Jazz/Blues,Beer/Wine,Other
1730,Jazz/Blues,Beer/Wine,Sprite
1731,Jazz/Blues,Vodka/Whislkey,Sprite
1732,Rock/HipHop,Vodka/Whislkey,Other
1733,Rock/HipHop,Vodka/Whislkey,Cola
1734,Jazz/Blues,Vodka/Whislkey,Sprite
1735,Rock/HipHop,Beer/Wine,Cola
1736,Rock/HipHop,Beer/Wine,Cola
1737,Jazz/Blues,Vodka/Whislkey,Cola
1738,Jazz/Blues,Beer/Wine,Cola
1739,Jazz/Blues,Vodka/Whislkey,Other
1740,Rock/HipHop,Vodka/Whislkey,Other
1741,Jazz/Blues,Beer/Wine,Cola
1742,Jazz/Blues,Beer/Wine,Other
1743,Rock/HipHop,Vodka/Whislkey,Cola
1744,Rock/HipHop,Vodka/Whislkey,Other
1745,Jazz/Blues,Beer/Wine,Other
1746,Jazz/Blues,Beer/Wine,Other
1747,Rock/HipHop,Beer/Wine,Sprite
1748,Jazz/Blues,Beer/Wine,Sprite
1749,Rock/HipHop,Vodka/Whislkey,Sprite
1750,Jazz/Blues,Beer/Wine,Sprite
1751,Rock/HipHop,Beer/Wine,Other
1752,Jazz/Blues,Vodka/Whislkey,Other
1753,Rock/HipHop,Vodka/Whislkey,Sprite
1754,Jazz/Blues,Vodka/Whislkey,Cola
1755,Rock/HipHop,Beer/Wine,Sprite
1756,Jazz/Blues,Beer/Wine,Other
1757,Rock/HipHop,Vodka/Whislkey,Sprite
1758,Rock/HipHop,Beer/Wine,Cola
1759,Jazz/Blues,Vodka/Whislkey,Other
1760,Jazz/Blues,Vodka/Whislkey,Other
1761,Jazz/Blues,Vodka/Whislkey,Sprite
1762,Rock/HipHop,Beer/Wine,Cola
1763,Jazz/Blues,Vodka/Whislkey,Cola
1764,Rock/HipHop,Vodka/Whislkey,Other
1765,Jazz/Blues,Vodka/Whislkey,Other
1766,Jazz/Blues,Vodka/Whislkey,Sprite
1767,Rock/HipHop,Beer/Wine,Sprite
1768,Rock/HipHop,Vodka/Whislkey,Sprite
1769,Jazz/Blues,Vodka/Whislkey,Sprite
1770,Rock/HipHop,Vodka/Whislkey,Cola
1771,Jazz/Blues,Beer/Wine,Cola
1772,Rock/HipHop,Vodka/Whislkey,Sprite
1773,Jazz/Blues,Beer/Wine,Sprite
1774,Jazz/Blues,Beer/Wine,Cola
1775,Jazz/Blues,Beer/Wine,Sprite
1776,Rock/HipHop,Beer/Wine,Cola
1777,Rock/HipHop,Beer/Wine,Sprite
1778,Jazz/Blues,Beer/Wine,Other
1779,Rock/HipHop,Vodka/Whislkey,Other
1780,Jazz/Blues,Vodka/Whislkey,Other
1781,Rock/HipHop,Beer/Wine,Sprite
1782,Jazz/Blues,Vodka/Whislkey,Other
1783,Rock/HipHop,Beer/Wine,Cola
1784,Rock/HipHop,Vodka/Whislkey,Sprite
1785,Rock/HipHop,Beer/Wine,Sprite
1786,Rock/HipHop,Beer/Wine,Sprite
1787,Jazz/Blues,Vodka/Whislkey,Sprite
1788,Jazz/Blues,Vodka/Whislkey,Other
1789,Jazz/Blues,Vodka/Whislkey,Cola
1790,Rock/HipHop,Beer/Wine,Sprite
1791,Rock/HipHop,Vodka/Whislkey,Sprite
1792,Jazz/Blues,Beer/Wine,Cola
1793,Jazz/Blues,Vodka/Whislkey,Cola
1794,Rock/HipHop,Vodka/Whislkey,Sprite
1795,Rock/HipHop,Vodka/Whislkey,Cola
1796,Rock/HipHop,Beer/Wine,Cola
1797,Rock/HipHop,Vodka/Whislkey,Cola
1798,Rock/HipHop,Vodka/Whislkey,Other
1799,Jazz/Blues,Vodka/Whislkey,Other
1800,Jazz/Blues,Vodka/Whislkey,Cola
