s_Id,First_Name,Last_Name,Attendance,Assignments_Submission,Assignments_Avg,Overall_Avg,Stud_Preference,pass_test
1,Danny,Maman,60,1,80,D,Frontal,0
2,Ariel,Ben-Moshe,55,1,94,D,Zoom,0
3,Robin,Itzhak,70,1,100,A,Zoom,1
4,Or,Shmuel,100,0,81,B,Frontal,1
5,Ram,Ben-Zvi,95,1,84,C,Frontal,1
6,Or,Haviv,60,0,78,B,Zoom,1
7,Keli,Ben-Moshe,50,1,85,B,Frontal,0
8,Ela,Avraham,100,1,95,C,Zoom,1
9,Danny,Desta,75,1,80,B,Zoom,1
10,Billy,Shalom,55,1,79,B,Frontal,0
11,Or,Haviv,100,1,80,B,Frontal,1
12,Avraham,Oved,100,1,80,,Frontal,1
13,Tair,Ben-Zvi,95,1,81,,Frontal,1
14,Eliran,Ben-Zvi,100,0,100,,Zoom,0
15,Chen,Avraham,65,0,96,,Zoom,0
16,Linda,Ben-Moshe,85,0,81,,Frontal,0
17,Tamar,Oved,65,1,96,,Zoom,1
18,Natasha,Atia,70,1,80,,Zoom,1
19,Sapir,Nickolson,100,0,89,,Zoom,0
20,Aviram,Ben-Zvi,65,1,98,B,Frontal,1
21,Aviram,Desta,100,0,55,A,Zoom,0
22,Ido,Atia,80,1,75,B,Frontal,0
23,Linda,Biton,95,1,80,D,Zoom,0
24,Michael,Porat,85,1,78,A,Frontal,1
25,Ram,Haviv,100,1,90,D,Frontal,0
26,Avishay,Maman,100,0,95,D,Zoom,0
27,Brian,Porat,100,1,95,C,Zoom,1
28,Tamar,Itzhak,70,1,79,C,Zoom,1
29,Orly,Shalom,80,1,92,A,Frontal,1
30,Dorit,Atia,70,1,95,A,Zoom,1
31,Sarah,Haviv,65,1,55,A,Zoom,0
32,Linda,Ben-Moshe,90,1,95,C,Frontal,1
33,Tair,Desta,100,1,75,B,Zoom,0
34,Adele,Ben-Zvi,75,1,90,D,Zoom,0
35,Adam,Avraham,100,1,100,B,Zoom,1
36,Katia,Nickolson,90,1,85,B,Zoom,1
37,Robin,Cohen,90,0,95,B,Zoom,1
38,Billy,Haviv,70,1,100,B,Zoom,1
39,Billy,Ben-Zvi,65,1,80,B,Zoom,1
40,Sapir,Shalom,80,1,100,C,Frontal,1
41,Ela,Ben-Zvi,75,1,96,C,Zoom,1
42,Jerry,Shalom,55,1,55,A,Frontal,0
43,Danny,Ben-Moshe,80,0,93,A,Frontal,1
44,Danny,Ben-Moshe,90,1,80,B,Frontal,1
45,Billy,Ben-Moshe,100,1,81,C,Zoom,1
46,Kevin,Itzhak,100,1,65,C,Zoom,0
47,Ariel,Deri,100,0,75,A,Frontal,0
48,Kevin,Nickolson,70,0,88,B,Frontal,1
49,Danny,Ben-Moshe,55,1,96,B,Zoom,0
50,Ido,Cohen,90,1,88,D,Zoom,0
51,Danny,Nickolson,90,1,78,B,Zoom,1
52,Eliran,Maman,55,1,85,B,Zoom,0
53,Jerry,Biton,100,1,85,A,Zoom,1
54,Sarah,Bar,100,1,88,A,Frontal,1
55,Sapir,Oved,80,0,85,B,Frontal,1
56,Brian,Cohen,70,0,81,C,Frontal,1
57,Danny,Porat,70,1,65,C,Zoom,0
58,Ori,Nickolson,60,1,85,B,Frontal,1
59,Brian,Ben-Moshe,100,0,80,B,Zoom,1
60,Zohar,Itzhak,100,1,83,D,Frontal,0
61,Sarah,Ben-Moshe,50,1,78,A,Zoom,0
62,Ori,Desta,90,0,80,D,Zoom,0
63,Ela,Cohen,100,1,80,A,Frontal,1
64,Sapir,Bar,65,1,94,C,Zoom,1
65,Orly,Shmuel,85,1,79,C,Zoom,1
66,Tair,Itzhak,90,1,81,C,Frontal,1
67,Tamar,Bar,70,1,89,A,Frontal,1
68,Talia,Shalom,80,1,79,B,Zoom,1
69,Or,Oved,90,0,80,D,Zoom,0
70,Aviram,Avraham,75,1,78,B,Zoom,1
71,Ela,Shmuel,50,1,78,D,Zoom,0
72,Esther,Bar,100,1,65,C,Zoom,0
73,Eliran,Maman,75,0,78,C,Zoom,1
74,Ori,Biton,60,1,100,A,Frontal,1
75,Or,Ben-Zvi,60,1,88,B,Frontal,1
76,Nati,Shmuel,80,1,93,D,Zoom,0
77,Jerry,Desta,95,1,100,B,Zoom,1
78,Danny,Deri,65,1,55,C,Zoom,0
79,Ori,Atia,100,1,95,B,Zoom,1
80,Chen,Ben-Moshe,100,1,81,B,Zoom,1
81,Katia,Bar,80,1,65,B,Zoom,0
82,Kevin,,95,1,80,B,Zoom,1
83,Esther,,90,1,75,B,Frontal,0
84,Tamar,,50,0,65,B,Frontal,0
85,Ela,,90,0,100,A,Zoom,1
86,Ori,Shmuel,55,1,100,B,Frontal,0
87,Adam,Atia,55,1,88,B,Frontal,0
88,Michael,Ben-Zvi,55,1,88,B,Frontal,0
89,Ido,Bar,70,1,80,A,Zoom,1
90,Ohad,Ben-Zvi,100,1,83,B,Frontal,1
91,Tair,Atia,100,1,80,D,Zoom,0
92,Linda,Shalom,80,0,65,B,Zoom,0
93,Billy,Maman,70,1,80,A,Zoom,1
94,Orly,Deri,100,1,79,A,Frontal,1
95,Jerry,Biton,90,1,83,B,Zoom,1
96,Talia,Itzhak,90,1,80,C,Zoom,1
97,Or,Nickolson,100,1,90,B,Frontal,1
98,John,Atia,80,1,89,B,Zoom,1
99,Adele,Shmuel,100,1,80,B,Zoom,1
100,Tair,Deri,80,1,55,A,Frontal,0
101,Sapir,Atia,90,0,83,C,Frontal,1
102,Idan,Nickolson,50,0,78,B,Zoom,0
103,Brian,Ben-Zvi,100,1,89,C,Frontal,1
104,Keli,Cohen,95,1,89,B,Frontal,1
105,Kevin,Avraham,50,1,78,B,Frontal,0
106,Chen,Ben-Moshe,80,1,90,B,Zoom,1
107,Sapir,Cohen,65,1,94,C,Frontal,1
108,Dorit,Desta,100,1,65,B,Zoom,0
109,Billy,Biton,100,1,78,A,Frontal,1
110,Mor,Shalom,100,0,90,A,Frontal,1
111,Jerry,Desta,80,1,88,,Frontal,1
112,Or,Maman,70,1,95,,Frontal,1
113,Kevin,Nickolson,90,0,100,,Frontal,1
114,Nati,Nickolson,70,1,80,,Frontal,1
115,Tair,Avraham,90,0,84,,Frontal,0
116,Ela,Avraham,95,1,81,,Frontal,1
117,Ido,Bar,55,1,90,B,Zoom,0
118,Natasha,Desta,80,0,85,B,Zoom,1
119,Sarah,Porat,55,1,90,B,Frontal,0
120,Avishay,Biton,100,1,88,B,Frontal,1
121,Eliran,Biton,55,1,96,B,Zoom,0
122,Chen,Haviv,100,1,100,C,Frontal,1
123,Ariel,Cohen,75,1,94,B,Zoom,1
124,Adam,Oved,80,0,75,B,Zoom,0
125,Eliran,Cohen,90,1,93,B,Frontal,1
126,Esther,Ben-Moshe,70,0,78,B,Frontal,1
127,Aviram,Itzhak,80,1,79,B,Frontal,1
128,Ido,Deri,80,1,100,B,,1
129,Eliran,Haviv,80,0,78,A,,1
130,Tair,Porat,100,0,79,C,,1
131,Linda,,70,1,90,D,,0
132,Natasha,,90,1,90,A,,1
133,Ido,,75,1,80,B,,1
134,Avraham,,70,1,89,D,,0
135,Avraham,,80,1,89,B,,1
136,Brian,Itzhak,75,1,80,A,,1
137,Sarah,Shmuel,100,1,90,B,,1
138,Aviram,Haviv,70,1,100,B,,1
139,John,Ben-Zvi,100,0,100,B,Zoom,1
140,Ori,Itzhak,75,1,80,B,Zoom,1
141,Ohad,Oved,90,0,80,D,Frontal,0
142,Ohad,Avraham,90,1,92,C,Frontal,1
143,Brian,Biton,65,0,55,C,Frontal,0
144,Dorit,Cohen,80,0,78,C,Zoom,1
145,Kevin,Nickolson,100,0,65,D,Frontal,0
146,Aviram,Haviv,80,0,85,C,Frontal,1
147,John,Itzhak,60,1,78,A,Frontal,1
148,Linda,Shmuel,95,0,89,B,Frontal,1
149,Kevin,Porat,70,1,78,C,Zoom,1
150,Nitzan,Haviv,100,1,100,B,Zoom,1
151,Or,Atia,100,1,80,A,Frontal,1
152,Kevin,Atia,65,0,88,D,Zoom,0
153,Ela,Ben-Zvi,100,1,89,B,Frontal,1
154,Idan,Desta,80,1,55,C,Zoom,0
155,Sapir,Haviv,80,1,100,B,Frontal,1
156,Chen,Avraham,100,1,100,C,Frontal,1
157,Sarah,Shmuel,65,0,80,A,Zoom,1
158,Kevin,Maman,80,1,92,B,Frontal,1
159,Avishay,Porat,90,1,81,A,Zoom,1
160,Adele,Haviv,65,1,84,A,Zoom,1
161,Jerry,Maman,70,1,84,C,Zoom,1
162,Tamar,Ben-Zvi,85,1,100,C,Frontal,1
163,John,Porat,75,0,88,B,Frontal,1
164,Brian,Haviv,50,1,80,B,Frontal,0
165,Brian,Avraham,100,0,81,B,Zoom,1
166,Ram,Deri,90,1,75,B,Zoom,0
167,Tamar,Cohen,50,1,100,A,Frontal,0
168,Nati,Nickolson,75,1,100,C,Frontal,1
169,Linda,Nickolson,80,1,79,B,Zoom,1
170,Ori,Cohen,55,1,75,A,Frontal,0
171,Or,Shalom,70,1,90,B,Zoom,1
172,Tamar,Oved,100,1,92,B,Zoom,1
173,Chen,Shmuel,55,1,78,A,Frontal,0
174,Ori,Oved,85,1,83,A,Zoom,1
175,Danny,Desta,85,1,79,A,Frontal,1
176,Aviram,Atia,80,1,92,C,Zoom,1
177,Chen,Haviv,85,1,81,B,Zoom,1
178,Alex,Itzhak,55,0,89,A,Zoom,0
179,Ram,Biton,90,1,94,B,Frontal,1
180,Ela,Bar,55,0,96,C,Frontal,0
181,Danny,Oved,75,0,95,B,Frontal,1
182,Natasha,Bar,100,1,100,C,Zoom,1
183,Keli,Avraham,90,0,93,A,Frontal,1
184,Kevin,Atia,90,1,83,B,Frontal,1
185,Billy,Itzhak,90,1,55,B,Frontal,0
186,Katia,Nickolson,95,0,78,A,Zoom,1
187,Katia,Desta,100,0,65,A,Frontal,0
188,Avishay,Porat,100,0,96,B,,1
189,Chen,Deri,85,1,83,,,1
190,Natasha,Ben-Zvi,80,0,84,,,1
191,Ido,Cohen,100,0,94,,,1
192,Brian,Biton,100,1,84,,,1
193,Talia,Deri,90,1,55,C,,0
194,Idan,Ben-Moshe,90,0,80,D,,0
195,Natasha,Deri,70,0,96,B,,1
196,Ariel,Porat,60,1,80,B,,1
197,Talia,Haviv,100,1,98,B,Frontal,1
198,Billy,Porat,100,1,65,C,Frontal,0
199,Orly,Oved,100,1,55,B,Zoom,0
200,Danny,Porat,100,1,85,C,Zoom,1
201,Nitzan,Ben-Zvi,80,1,55,B,Zoom,0
202,Nati,Deri,80,0,98,B,Zoom,1
203,Katia,Cohen,75,0,93,B,Zoom,1
204,Sarah,Desta,65,1,55,B,Zoom,0
205,Talia,Shmuel,55,1,79,B,Frontal,0
206,Zohar,Oved,100,1,92,C,Zoom,1
207,Ohad,Atia,95,0,79,D,Frontal,0
208,Talia,Porat,100,1,78,D,Frontal,0
209,John,Porat,90,1,83,C,Frontal,1
210,Billy,Desta,55,1,80,C,Zoom,0
211,Ori,Biton,85,1,100,A,Frontal,1
212,Ram,Shalom,70,1,90,B,Zoom,1
213,Robin,Porat,75,1,84,D,Frontal,0
214,Katia,Desta,90,1,75,C,Zoom,0
215,Ido,Shmuel,90,1,55,B,Zoom,0
216,Orly,Cohen,80,0,90,B,Zoom,1
217,Ram,Haviv,55,1,100,C,Zoom,0
218,Eliran,Nickolson,55,1,90,B,Frontal,0
219,Katia,Ben-Zvi,50,1,100,A,Frontal,0
220,Ariel,Deri,80,1,80,B,Zoom,1
221,Ido,Desta,100,0,83,B,Frontal,1
222,Ori,Haviv,80,1,78,A,Zoom,1
223,Zohar,Desta,65,1,93,D,Frontal,0
224,Keli,Avraham,90,1,65,A,,0
225,Orly,Atia,90,0,79,B,Frontal,1
226,Katia,Ben-Zvi,100,1,89,A,Zoom,1
227,Sapir,Porat,80,1,95,B,Zoom,1
228,Esther,Atia,100,0,75,A,Zoom,0
229,Or,Maman,65,1,84,B,Frontal,1
230,Adele,Biton,80,0,88,B,Zoom,1
231,Nitzan,Desta,100,1,94,D,Zoom,0
232,Sapir,Haviv,50,1,94,C,Frontal,0
233,Sapir,Shmuel,80,1,98,A,Zoom,1
234,Nati,Bar,100,0,88,A,Frontal,1
235,Ela,Avraham,75,1,94,B,Zoom,1
236,Ohad,Oved,100,1,81,B,Zoom,1
237,Esther,Shalom,65,1,89,C,Zoom,1
238,Robin,Biton,100,0,80,C,Frontal,1
239,John,Deri,70,1,95,C,Frontal,1
240,Brian,Nickolson,100,1,93,C,Frontal,1
241,Michael,Avraham,55,0,79,A,Frontal,0
242,Nitzan,Oved,80,1,80,B,Frontal,1
243,Avraham,Maman,75,0,80,C,Zoom,1
244,Michael,Cohen,90,1,89,A,Frontal,1
245,Adam,Avraham,100,1,65,A,Frontal,0
246,John,Itzhak,90,1,55,A,Zoom,0
247,Nitzan,,90,0,65,A,,0
248,Katia,Shmuel,90,1,80,C,Frontal,1
249,Keli,Avraham,95,1,79,A,Zoom,1
250,Ram,Nickolson,70,0,80,B,Zoom,1
251,Ela,Nickolson,60,0,95,A,Zoom,1
252,Kevin,Avraham,90,0,75,C,Zoom,0
253,Billy,Biton,85,1,55,C,Zoom,0
254,John,Porat,50,1,78,C,Zoom,0
255,Adam,Atia,50,1,90,C,Zoom,0
256,Aviram,Atia,100,1,75,D,Zoom,0
257,Nitzan,Nickolson,70,1,90,A,Frontal,1
258,Eliran,Nickolson,75,0,98,D,Zoom,0
259,Aviram,Deri,80,0,83,A,Zoom,1
260,Chen,Biton,80,0,94,C,Frontal,1
261,Robin,Maman,90,1,96,D,Frontal,0
262,Ido,Oved,75,0,100,A,Zoom,1
263,Ela,Bar,80,1,93,C,Zoom,1
264,Ela,Oved,65,0,100,C,Zoom,1
265,Tamar,Nickolson,50,0,92,B,Zoom,0
266,Natasha,Nickolson,55,1,92,B,Frontal,0
267,Keli,Shmuel,100,1,88,D,Zoom,0
268,Orly,Porat,80,1,100,B,Frontal,1
269,Mor,Haviv,100,1,80,B,Frontal,1
270,Katia,Haviv,90,1,81,B,Zoom,1
271,Robin,Deri,70,1,79,B,Frontal,1
272,Zohar,Ben-Moshe,55,0,88,C,Zoom,0
273,Avishay,Shalom,100,1,92,B,Frontal,1
274,Brian,Oved,50,0,78,A,Frontal,0
275,Idan,Shmuel,100,1,96,A,Zoom,1
276,Ela,Desta,90,0,80,B,Zoom,1
277,Nitzan,Porat,100,1,89,D,Frontal,0
278,Brian,Atia,90,1,80,C,Frontal,1
279,Jerry,Shalom,75,1,65,A,Zoom,0
280,Brian,Itzhak,100,1,93,A,Zoom,1
281,Orly,Ben-Moshe,100,1,100,B,Zoom,1
282,Avishay,Deri,85,0,83,C,Frontal,1
283,Billy,Deri,90,1,100,A,Zoom,1
284,Ohad,Haviv,90,0,84,B,Frontal,1
285,John,Atia,90,1,92,D,Frontal,0
286,John,Porat,70,1,78,C,Zoom,1
287,Keli,Avraham,100,1,78,B,Frontal,1
288,Ido,Avraham,85,1,92,A,Zoom,1
289,Ela,Desta,100,0,90,B,,1
290,Keli,Maman,100,1,78,C,,1
291,Ohad,Ben-Moshe,90,1,80,C,,1
292,Esther,Shalom,70,1,80,A,,1
293,Robin,Ben-Moshe,55,1,81,C,,0
294,Idan,Biton,70,1,78,,,1
295,Linda,Haviv,65,1,100,,,1
296,Kevin,Desta,75,0,100,,,1
297,Sarah,Atia,50,1,79,,,0
298,Tamar,Shmuel,100,1,92,D,,0
299,Jerry,Shmuel,100,1,78,B,,1
300,Kevin,Avraham,75,1,80,C,,1
301,Ela,Shmuel,90,1,78,B,,1
302,Ela,Shmuel,75,1,83,C,Frontal,1
303,Ori,Atia,80,0,65,B,Zoom,0
304,Aviram,Maman,55,0,89,C,Frontal,0
305,Brian,Atia,100,1,55,B,Zoom,0
306,Ori,Shalom,65,1,94,B,Frontal,1
307,Kevin,Ben-Moshe,100,1,89,B,Zoom,1
308,Jerry,Biton,65,0,92,D,Zoom,0
309,Avishay,Ben-Moshe,70,1,78,A,Zoom,1
310,Aviram,Nickolson,60,1,96,B,Frontal,1
311,Mor,Ben-Moshe,100,1,79,B,Zoom,1
312,Eliran,Maman,100,1,78,B,Frontal,1
313,Danny,Deri,55,1,78,C,Zoom,0
314,Zohar,Shmuel,80,1,100,B,Zoom,1
315,Kevin,Shmuel,70,1,88,B,Zoom,1
316,Tair,Avraham,70,1,80,A,Zoom,1
317,Idan,Bar,80,1,84,C,Frontal,1
318,Ela,Bar,100,1,92,B,Frontal,1
319,Brian,Itzhak,100,0,100,B,Zoom,1
320,Ram,Bar,80,1,94,A,Zoom,1
321,Ram,Porat,80,0,92,C,Frontal,1
322,Danny,Haviv,55,1,90,A,Frontal,0
323,Linda,Shalom,100,1,78,B,Zoom,1
324,Ram,Haviv,70,0,80,B,Frontal,1
325,Ido,Haviv,75,1,80,C,Frontal,1
326,Tamar,Ben-Moshe,80,0,88,A,Frontal,1
327,Keli,Avraham,90,1,100,A,,1
328,Ela,Desta,65,1,100,C,Zoom,1
329,Robin,Porat,60,1,94,B,Zoom,1
330,Adele,Shmuel,80,1,100,A,Zoom,1
331,Sapir,Shalom,65,1,100,A,Frontal,1
332,Alex,Nickolson,100,1,90,B,Zoom,1
333,Aviram,Itzhak,50,1,93,B,Zoom,0
334,Avraham,Bar,100,0,93,B,Frontal,1
335,John,Itzhak,100,1,98,A,Frontal,1
336,Linda,Ben-Moshe,100,1,89,B,Frontal,1
337,Keli,Shalom,50,1,83,B,Frontal,0
338,Adele,Shalom,55,0,85,A,Frontal,0
339,Ram,Maman,75,0,96,B,Frontal,1
340,Orly,Cohen,100,1,88,A,Frontal,1
341,Chen,Maman,80,1,92,B,Zoom,1
342,Or,Oved,85,1,90,D,Frontal,0
343,Esther,Cohen,80,1,78,B,Zoom,1
344,Ori,Nickolson,70,0,79,B,Zoom,1
345,Sapir,Avraham,100,1,100,B,Frontal,1
346,Linda,Itzhak,75,1,80,A,Frontal,1
347,Ram,Porat,70,1,94,A,Zoom,1
348,Eliran,Ben-Zvi,65,1,88,C,Frontal,1
349,Chen,Atia,50,1,98,B,Frontal,0
350,Ela,Porat,90,1,83,B,Frontal,1
351,Natasha,Desta,95,0,93,C,Zoom,1
352,Avraham,Cohen,75,1,55,B,Zoom,0
353,Natasha,Biton,100,1,93,A,Zoom,1
354,Nati,Cohen,70,1,89,A,Zoom,1
355,Billy,Atia,65,0,85,D,Zoom,0
356,Avishay,Cohen,70,1,90,B,Zoom,1
357,Dorit,Haviv,100,1,88,D,Frontal,0
358,Zohar,Ben-Zvi,100,0,93,A,Frontal,1
359,Brian,Deri,70,1,81,B,Frontal,1
360,Ram,Biton,100,1,85,B,Zoom,1
361,Avishay,Desta,80,0,95,B,Zoom,1
362,Or,Porat,100,1,84,B,Frontal,1
363,Sarah,Ben-Zvi,85,1,93,D,Frontal,0
364,Eliran,Itzhak,100,1,93,A,Frontal,1
365,Adele,Shalom,70,0,83,C,Zoom,1
366,Ram,Oved,70,1,78,B,Zoom,1
367,John,Cohen,70,1,79,B,Frontal,1
368,Nitzan,Nickolson,65,1,95,B,Zoom,1
369,Brian,Nickolson,100,0,94,C,Zoom,1
370,Alex,Biton,100,1,96,A,Zoom,1
371,Tair,Oved,90,1,100,A,Zoom,1
372,Alex,Cohen,85,1,90,C,Frontal,1
373,Keli,Atia,80,1,80,C,Frontal,1
374,Orly,Atia,100,1,81,B,Frontal,1
375,Brian,Maman,75,1,90,C,Frontal,1
376,Danny,Itzhak,85,1,90,B,Frontal,1
377,Ohad,Deri,100,0,79,A,Frontal,1
378,Nitzan,Deri,50,1,78,B,Zoom,0
379,Dorit,Ben-Moshe,75,0,98,C,Zoom,1
380,Orly,Avraham,95,1,90,B,Frontal,1
381,Ido,Maman,80,1,90,B,Zoom,1
382,Ido,Shmuel,55,1,55,A,Frontal,0
383,Eliran,Porat,100,1,65,C,Zoom,0
384,Idan,Haviv,100,1,94,B,Zoom,1
385,Sapir,Porat,75,1,80,B,Zoom,1
386,Ela,Atia,100,1,92,A,Zoom,1
387,Kevin,Nickolson,100,1,55,B,Frontal,0
388,Talia,Atia,95,1,80,D,Zoom,0
389,Michael,Maman,70,1,90,B,Frontal,1
390,Nati,Bar,90,0,65,A,Frontal,0
391,Ram,Oved,100,0,94,A,Frontal,1
392,Kevin,Desta,95,1,83,B,Frontal,1
393,Adele,Maman,100,0,80,B,Zoom,1
394,Brian,Bar,70,1,81,C,Zoom,1
395,Tair,Atia,90,0,83,A,Frontal,1
396,Eliran,Ben-Zvi,100,1,88,B,Zoom,1
397,Adele,Shmuel,100,1,96,A,Frontal,1
398,Sarah,Atia,70,1,93,D,Frontal,0
399,Brian,Ben-Moshe,65,0,88,D,Zoom,0
400,Keli,Desta,55,1,81,A,Zoom,0
401,Adele,Oved,70,1,85,B,Frontal,1
402,Sarah,Bar,100,1,98,D,Zoom,0
403,Talia,Bar,55,1,89,A,Frontal,0
404,Adam,Porat,100,0,65,B,Frontal,0
405,Aviram,Itzhak,85,1,93,B,Frontal,1
406,John,Ben-Zvi,70,0,88,A,Frontal,1
407,Tamar,Ben-Zvi,90,0,88,C,Zoom,1
408,Billy,Ben-Moshe,75,1,80,C,Zoom,1
409,Mor,Atia,100,1,89,A,Frontal,1
410,Kevin,Shalom,90,1,89,B,Zoom,1
411,Tamar,Oved,90,1,75,B,Zoom,0
412,Jerry,Haviv,80,1,80,B,Frontal,1
413,Ariel,Oved,75,0,85,A,Frontal,1
414,Ela,Ben-Zvi,80,1,96,A,Frontal,1
415,Billy,Haviv,90,0,80,D,Frontal,0
416,Danny,Deri,100,1,88,C,Frontal,1
417,Nitzan,Nickolson,80,1,81,B,Zoom,1
418,Aviram,Maman,95,1,100,B,Zoom,1
419,Ori,Bar,80,0,89,A,Frontal,1
420,Tamar,Ben-Zvi,70,1,79,C,Zoom,1
421,Danny,Itzhak,80,1,94,A,Frontal,1
422,Avraham,Avraham,90,1,80,A,Zoom,1
423,Avishay,Maman,100,0,100,D,Zoom,0
424,Michael,Deri,100,1,93,B,Frontal,1
425,Brian,Desta,55,0,92,B,Zoom,0
426,Linda,Bar,55,1,94,B,Frontal,0
427,John,Desta,90,0,100,B,Zoom,1
428,Ido,Nickolson,100,1,95,B,Zoom,1
429,Adam,Maman,90,1,81,A,Zoom,1
430,Keli,Oved,90,0,55,A,Zoom,0
431,Orly,Shmuel,100,1,94,A,Frontal,1
432,Ori,Atia,100,1,65,D,Frontal,0
433,Adele,Shalom,100,1,78,A,Frontal,1
434,Dorit,Atia,100,1,94,A,Zoom,1
435,Zohar,Atia,70,1,96,B,Zoom,1
436,Avraham,Shalom,70,0,94,B,Zoom,1
437,Or,Bar,95,1,80,A,Zoom,1
438,Tamar,Maman,100,1,93,C,Frontal,1
439,Mor,Porat,85,1,79,A,Zoom,1
440,Sarah,Nickolson,100,1,85,B,Zoom,1
441,Ori,Biton,100,1,65,B,Zoom,0
442,Tair,Maman,100,0,93,D,Frontal,0
443,Chen,Atia,100,0,93,C,Zoom,1
444,Tair,Deri,60,1,78,A,Frontal,1
445,Natasha,Ben-Moshe,80,0,84,B,Zoom,1
446,Aviram,Cohen,75,1,65,A,Zoom,0
447,Tair,Desta,80,0,78,C,Frontal,1
448,Danny,Ben-Moshe,100,0,79,B,Zoom,1
449,Ido,Haviv,90,0,92,A,Frontal,1
450,Katia,Atia,55,1,80,B,Frontal,0
451,Ori,Ben-Moshe,75,0,96,C,Zoom,1
452,Esther,Avraham,100,1,83,B,Zoom,1
453,Michael,Cohen,75,1,88,B,Zoom,1
454,Ela,Oved,100,1,80,D,Frontal,0
455,Robin,Haviv,55,0,100,A,Zoom,0
456,Idan,Deri,100,0,65,B,Frontal,0
457,Kevin,Haviv,75,0,100,D,Zoom,0
458,Or,Shmuel,100,0,95,C,Frontal,1
459,Idan,Atia,55,1,78,B,Zoom,0
460,Ohad,Oved,100,1,90,C,Zoom,1
461,Ido,Oved,80,1,92,B,Frontal,1
462,Ido,Shalom,100,1,79,A,Frontal,1
463,Avishay,Maman,50,1,88,B,Zoom,0
464,Idan,Bar,100,1,79,B,Zoom,1
465,Sapir,Ben-Moshe,55,1,94,B,Frontal,0
466,Ela,Bar,100,0,100,A,Zoom,1
467,Alex,Itzhak,80,1,78,D,Zoom,0
468,Chen,Shalom,75,1,81,A,Zoom,1
469,Nitzan,Oved,80,0,78,C,Zoom,1
470,Ido,Shmuel,90,1,90,B,Zoom,1
471,Kevin,Shalom,100,1,83,A,Frontal,1
472,Avishay,Cohen,75,1,75,D,Frontal,0
473,Esther,Desta,65,1,83,C,Zoom,1
474,Ram,Bar,100,0,78,A,Frontal,1
475,Orly,Ben-Moshe,100,1,89,D,Frontal,0
476,Nitzan,Nickolson,80,1,84,A,Zoom,1
477,Tamar,Ben-Zvi,100,1,55,A,Frontal,0
478,Esther,Atia,55,1,85,B,Zoom,0
479,Billy,Haviv,60,1,92,B,Zoom,1
480,Adam,Atia,100,0,88,B,Frontal,1
481,Natasha,Bar,75,0,80,B,Frontal,1
482,Ohad,Bar,100,1,96,A,Frontal,1
483,Brian,Biton,100,1,100,B,Zoom,1
484,Tair,Haviv,90,1,80,A,Zoom,1
485,Chen,Oved,60,1,85,D,Frontal,0
486,Danny,Shmuel,80,0,93,B,Frontal,1
487,Robin,Oved,100,1,55,B,Zoom,0
488,Zohar,Cohen,65,1,92,C,Frontal,1
489,Mor,Nickolson,100,1,80,C,Frontal,1
490,Michael,Desta,70,1,85,C,Frontal,1
491,Dorit,Itzhak,90,0,78,A,Frontal,1
492,Adam,Desta,100,1,88,A,Frontal,1
493,Or,Shalom,90,1,75,B,Frontal,0
494,Or,Ben-Moshe,50,0,79,D,Frontal,0
495,Talia,Nickolson,80,0,94,C,Zoom,1
496,Aviram,Oved,55,1,81,A,Zoom,0
497,Chen,Haviv,75,1,80,C,Zoom,1
498,Ram,Itzhak,55,1,89,B,Zoom,0
499,John,Ben-Moshe,100,1,78,B,Frontal,1
500,Talia,Shalom,55,0,84,B,Frontal,0
501,Nati,Cohen,100,1,100,A,Frontal,1
502,Aviram,Itzhak,50,1,88,B,Zoom,0
503,Nitzan,Cohen,100,1,88,B,Frontal,1
504,Alex,Shmuel,90,0,78,B,Frontal,1
505,Ela,Biton,55,1,78,B,Zoom,0
506,Natasha,Ben-Moshe,85,1,78,C,Zoom,1
507,Avishay,Haviv,55,1,94,B,Zoom,0
508,Or,Porat,80,1,90,A,Frontal,1
509,Katia,Biton,90,1,75,B,Frontal,0
510,Katia,Shalom,90,1,100,A,Zoom,1
511,Tamar,Shalom,55,1,83,B,Frontal,0
512,Avraham,Oved,100,0,90,B,Frontal,1
513,Ori,Shalom,90,1,80,B,Zoom,1
514,Danny,Atia,55,0,96,B,Zoom,0
515,Ram,Cohen,90,1,98,B,Zoom,1
516,Kevin,Cohen,90,1,84,A,Zoom,1
517,Mor,Haviv,90,1,92,C,Zoom,1
518,Dorit,Oved,90,1,79,D,Frontal,0
519,Kevin,Itzhak,80,1,79,C,Frontal,1
520,Kevin,Porat,100,1,80,A,Zoom,1
521,Ido,Nickolson,100,1,84,B,Frontal,1
522,Katia,Avraham,80,0,80,C,Frontal,1
523,Ariel,Porat,100,0,80,A,Zoom,1
524,Kevin,Bar,60,0,100,C,Zoom,1
525,Mor,Nickolson,60,1,78,B,Frontal,1
526,Sarah,Maman,100,1,90,D,Frontal,0
527,Esther,Ben-Zvi,60,1,75,D,Zoom,0
528,Idan,Maman,80,0,95,C,Zoom,1
529,Ariel,Haviv,80,1,84,C,Zoom,1
530,Katia,Avraham,90,0,90,B,Zoom,1
531,Nati,Cohen,90,1,83,B,Zoom,1
532,Ori,Biton,95,1,80,B,Zoom,1
533,Orly,Avraham,90,1,85,B,Frontal,1
534,Keli,Ben-Moshe,90,0,90,B,Zoom,1
535,Idan,Desta,70,1,83,A,Zoom,1
536,Nitzan,Shmuel,90,0,78,A,Zoom,1
537,Mor,Cohen,90,1,93,C,Frontal,1
538,Tamar,Porat,55,1,78,B,Zoom,0
539,Billy,Biton,85,1,79,A,Zoom,1
540,Ela,Shmuel,80,1,83,B,Zoom,1
541,Tamar,Bar,90,1,94,B,Zoom,1
542,Idan,Porat,50,1,55,B,Zoom,0
543,Jerry,Itzhak,85,1,55,C,Frontal,0
544,Aviram,Porat,100,1,75,B,Zoom,0
545,Sarah,Ben-Moshe,100,0,80,B,Zoom,1
546,Aviram,Shalom,75,0,55,C,Frontal,0
547,Ohad,Itzhak,70,0,84,B,Frontal,1
548,Eliran,Nickolson,100,1,84,B,Frontal,1
549,Katia,Cohen,100,0,81,A,Frontal,1
550,Nitzan,Haviv,100,1,85,A,Zoom,1
551,Ariel,Shalom,75,0,81,B,Zoom,1
552,Eliran,Nickolson,80,1,93,B,Zoom,1
553,Zohar,Nickolson,90,0,96,A,Zoom,1
554,Sarah,Biton,85,1,78,C,Zoom,1
555,Esther,Shmuel,100,1,55,C,Zoom,0
556,Jerry,Shalom,100,0,75,C,Frontal,0
557,Danny,Atia,90,1,90,A,Zoom,1
558,Alex,Ben-Moshe,90,1,100,B,Zoom,1
559,Or,Desta,100,1,81,D,Frontal,0
560,Mor,Desta,100,0,79,B,Frontal,1
561,Ori,Maman,100,1,75,D,Zoom,0
562,Ela,Maman,70,1,90,C,Zoom,1
563,Ela,Bar,90,1,65,B,Frontal,0
564,Avraham,Bar,95,0,98,B,Frontal,1
565,Zohar,Desta,75,1,96,B,Frontal,1
566,Adam,Desta,100,0,100,C,Frontal,1
567,Chen,Cohen,90,1,78,A,Zoom,1
568,Michael,Porat,55,1,84,B,Zoom,0
569,Ori,Avraham,85,1,92,A,Frontal,1
570,Nati,Oved,65,1,78,B,Zoom,1
571,Billy,Shmuel,50,0,83,D,Frontal,0
572,Talia,Porat,95,1,90,A,Zoom,1
573,Or,Ben-Zvi,55,1,100,A,Zoom,0
574,Tair,Porat,100,1,80,B,Zoom,1
575,Esther,Ben-Moshe,100,1,94,B,Frontal,1
576,Nitzan,Atia,50,1,78,B,Zoom,0
577,Sarah,Desta,95,1,89,B,Frontal,1
578,Ohad,Shalom,80,1,78,A,Frontal,1
579,Orly,Deri,100,0,92,A,Frontal,1
580,Zohar,Bar,90,1,84,B,Zoom,1
581,Idan,Maman,55,1,80,A,Frontal,0
582,Brian,Porat,55,0,85,D,Frontal,0
583,Brian,Nickolson,75,1,81,A,Frontal,1
584,Chen,Deri,80,0,78,B,Zoom,1
585,Ariel,Desta,100,1,100,D,Zoom,0
586,Ori,Shalom,100,0,80,A,Zoom,1
587,Chen,Biton,95,1,65,A,Frontal,0
588,Idan,Oved,100,1,80,A,Zoom,1
589,Esther,Desta,70,1,100,B,Frontal,1
590,Robin,Avraham,70,0,80,B,Frontal,1
591,Nati,Ben-Moshe,70,1,98,B,Frontal,1
592,Billy,Nickolson,70,1,88,B,Zoom,1
593,Ram,Desta,90,1,79,B,Frontal,1
594,Talia,Deri,100,0,89,B,Zoom,1
595,Chen,Porat,90,1,83,B,Frontal,1
596,Kevin,Ben-Moshe,50,0,92,B,Zoom,0
597,Keli,Avraham,100,1,90,B,Zoom,1
598,Avraham,Avraham,80,1,78,B,Zoom,1
599,Ela,Haviv,65,1,95,C,Frontal,1
600,Avishay,Porat,100,1,95,D,Zoom,0
601,Alex,Desta,100,1,78,B,Zoom,1
602,Keli,Atia,100,1,78,C,Frontal,1
603,Michael,Itzhak,95,0,80,C,Zoom,1
604,Nati,Avraham,55,0,79,A,Zoom,0
605,Michael,Porat,50,1,81,A,Frontal,0
606,Ela,Itzhak,80,0,100,A,Zoom,1
607,Chen,Maman,90,0,84,A,Frontal,1
608,Billy,Avraham,75,1,81,B,Zoom,1
609,Adele,Biton,100,1,95,D,Zoom,0
610,Linda,Avraham,50,1,80,B,Frontal,0
611,Ram,Deri,100,1,81,A,Zoom,1
612,Ori,Bar,50,1,80,C,Zoom,0
613,Nati,Deri,90,1,92,B,Zoom,1
614,John,Cohen,100,0,89,D,Zoom,0
615,Linda,Ben-Moshe,55,1,80,B,Frontal,0
616,Brian,Ben-Moshe,70,1,80,B,Frontal,1
617,Natasha,Maman,95,0,100,C,Frontal,1
618,Billy,Porat,100,0,84,A,Zoom,1
619,Katia,Cohen,80,0,93,B,Zoom,1
620,Orly,Biton,85,1,96,D,Zoom,0
621,Nati,Ben-Moshe,80,0,90,B,Frontal,1
622,Linda,Desta,75,0,90,C,Zoom,1
623,Sarah,Deri,85,1,100,C,Zoom,1
624,Michael,Haviv,80,1,92,A,Zoom,1
625,Katia,Maman,100,1,55,C,Frontal,0
626,Robin,Desta,100,1,80,C,Zoom,1
627,Nati,Itzhak,80,1,78,B,Zoom,1
628,Nati,Ben-Zvi,100,1,81,C,Frontal,1
629,Or,Ben-Zvi,95,1,92,B,Frontal,1
630,Adam,Porat,70,1,90,B,Frontal,1
631,John,Itzhak,60,1,79,B,Frontal,1
632,Chen,Bar,90,1,93,B,Zoom,1
633,Danny,Nickolson,80,1,80,B,Zoom,1
634,Tamar,Deri,65,1,95,D,Frontal,0
635,Linda,Porat,80,1,90,B,Frontal,1
636,Keli,Nickolson,90,0,96,D,Zoom,0
637,Kevin,Deri,75,1,98,B,Zoom,1
638,Mor,Haviv,50,1,94,B,Frontal,0
639,Katia,Bar,100,0,98,C,Zoom,1
640,Tamar,Porat,80,1,100,D,Frontal,0
641,Sapir,Itzhak,60,1,96,B,Zoom,1
642,Or,Shalom,100,1,100,C,Frontal,1
643,Brian,Biton,70,1,81,B,Zoom,1
644,Adele,Desta,100,1,88,B,Zoom,1
645,Nati,Maman,100,0,78,B,Frontal,1
646,Dorit,Oved,65,1,81,C,Zoom,1
647,Brian,Cohen,100,0,55,C,Zoom,0
648,Avraham,Porat,55,1,83,B,Frontal,0
649,Jerry,Haviv,50,1,80,B,Zoom,0
650,Natasha,Cohen,50,0,92,B,Frontal,0
651,Ram,Avraham,55,1,96,B,Frontal,0
652,Mor,Atia,75,1,100,A,Zoom,1
653,Or,Porat,70,0,100,B,Frontal,1
654,Ela,Maman,100,0,95,B,Frontal,1
655,Ido,Deri,100,1,65,A,Frontal,0
656,Tair,Shalom,70,0,100,B,Zoom,1
657,Adam,Shalom,95,0,100,B,Zoom,1
658,Nitzan,Shmuel,90,1,90,A,Frontal,1
659,Ariel,Deri,100,0,94,A,Frontal,1
660,Ohad,Shmuel,65,0,84,B,Zoom,1
661,Sarah,Nickolson,60,1,90,B,Frontal,1
662,John,Desta,55,1,100,B,Frontal,0
663,Ela,Bar,85,0,100,D,Frontal,0
664,Sarah,Haviv,80,1,81,B,Frontal,1
665,Jerry,Cohen,100,0,100,B,Frontal,1
666,Avishay,Itzhak,100,1,93,B,Frontal,1
667,Ela,Biton,100,1,79,C,Frontal,1
668,Dorit,Deri,75,1,65,A,Frontal,0
669,Keli,Nickolson,100,1,80,A,Zoom,1
670,Natasha,Haviv,90,0,94,A,Zoom,1
671,Katia,Ben-Zvi,80,1,78,A,Frontal,1
672,Ori,Bar,100,1,78,C,Zoom,1
673,Avishay,Cohen,90,1,92,B,Zoom,1
674,Tair,Biton,75,1,83,A,Frontal,1
675,Brian,Oved,70,1,78,B,Zoom,1
676,Zohar,Oved,85,0,90,C,Frontal,1
677,Michael,Ben-Moshe,100,1,80,A,Zoom,1
678,Idan,Ben-Moshe,70,0,81,B,Frontal,1
679,Chen,Itzhak,100,1,96,A,Zoom,1
680,Eliran,Ben-Zvi,85,1,92,C,Zoom,1
681,Tair,Nickolson,60,1,90,B,Frontal,1
682,Brian,Shmuel,65,1,92,C,Zoom,1
683,Nitzan,Itzhak,100,1,94,D,Frontal,0
684,Mor,Ben-Zvi,90,1,88,D,Frontal,0
685,Ela,Oved,55,0,100,C,Zoom,0
686,Aviram,Biton,95,1,55,D,Zoom,0
687,Adele,Porat,100,1,100,D,Frontal,0
688,Tair,Cohen,80,1,55,B,Frontal,0
689,Kevin,Nickolson,100,1,81,B,Zoom,1
690,Adele,Biton,70,1,88,C,Zoom,1
691,Chen,Ben-Zvi,90,1,78,D,Frontal,0
692,Natasha,Biton,100,1,88,A,Frontal,1
693,Katia,Cohen,85,1,88,C,Zoom,1
694,Kevin,Ben-Moshe,65,1,89,A,Zoom,1
695,Ido,Nickolson,55,1,78,A,Zoom,0
696,Tamar,Ben-Zvi,55,0,80,B,Zoom,0
697,Adele,Ben-Zvi,100,1,84,B,Zoom,1
698,Ram,Nickolson,80,1,100,A,Frontal,1
699,Orly,Cohen,75,0,80,C,Zoom,1
700,John,Nickolson,90,1,89,A,Frontal,1
701,Linda,Ben-Zvi,75,1,100,B,Zoom,1
702,Ram,Shmuel,100,1,85,B,Frontal,1
703,Robin,Oved,55,1,94,C,Frontal,0
704,Michael,Biton,80,1,94,B,Zoom,1
705,Michael,Haviv,100,1,80,A,Frontal,1
706,Nitzan,Nickolson,95,1,80,A,Zoom,1
707,Nati,Bar,90,1,80,A,Zoom,1
708,Talia,Ben-Moshe,80,1,95,C,Zoom,1
709,Ram,Shalom,50,1,95,B,Frontal,0
710,Tair,Itzhak,90,1,85,A,Zoom,1
711,Aviram,Bar,60,1,94,A,Frontal,1
712,Nitzan,Maman,80,0,93,B,Frontal,1
713,Kevin,Porat,75,1,100,B,Frontal,1
714,Mor,Shmuel,100,0,90,B,Frontal,1
715,Nitzan,Deri,55,1,80,B,Zoom,0
716,Tair,Ben-Moshe,75,1,78,B,Frontal,1
717,Ohad,Maman,50,1,85,C,Frontal,0
718,Robin,Shmuel,100,0,79,A,Frontal,1
719,Ram,Shmuel,85,1,88,B,Zoom,1
720,Brian,Deri,90,0,95,B,Frontal,1
721,Billy,Haviv,75,1,92,B,Zoom,1
722,John,Cohen,65,1,80,B,Frontal,1
723,Adele,Avraham,80,1,80,A,Zoom,1
724,Brian,Biton,65,0,88,A,Zoom,1
725,Tair,Porat,100,1,100,B,Frontal,1
726,Alex,Itzhak,70,1,92,A,Zoom,1
727,Tamar,Nickolson,100,1,84,B,Zoom,1
728,Adele,Desta,100,1,89,A,Zoom,1
729,Mor,Porat,80,1,88,B,Frontal,1
730,Ram,Shmuel,80,0,81,C,Frontal,1
731,Nati,Itzhak,100,0,89,C,Frontal,1
732,Tair,Desta,90,0,75,A,Frontal,0
733,Adele,Desta,90,1,92,C,Zoom,1
734,Billy,Atia,90,1,80,A,Zoom,1
735,Esther,Ben-Moshe,75,1,90,A,Zoom,1
736,Tamar,Oved,90,1,81,D,Zoom,0
737,Tair,Avraham,50,1,65,A,Frontal,0
738,Ido,Shmuel,95,1,80,B,Frontal,1
739,Keli,Nickolson,100,0,95,A,Zoom,1
740,Ela,Porat,90,1,94,B,Frontal,1
741,Orly,Porat,80,1,80,B,Zoom,1
742,Adele,Itzhak,100,1,88,B,Zoom,1
743,Tair,Shalom,90,1,81,A,Frontal,1
744,Tair,Shalom,75,1,89,B,Zoom,1
745,Tair,Deri,75,0,100,D,Zoom,0
746,Ori,Ben-Moshe,100,0,80,B,Zoom,1
747,Brian,Porat,100,1,81,B,Frontal,1
748,Sapir,Atia,60,1,93,B,Zoom,1
749,Or,Ben-Zvi,55,1,75,B,Frontal,0
750,Nati,Desta,100,1,83,C,Frontal,1
751,Brian,Maman,50,1,100,A,Frontal,0
752,Adam,Atia,100,1,84,B,Frontal,1
753,Eliran,Porat,100,1,81,B,Zoom,1
754,Nati,Biton,70,0,100,A,Zoom,1
755,Kevin,Biton,100,1,96,A,Frontal,1
756,Billy,Itzhak,65,1,90,C,Zoom,1
757,Adam,Desta,100,1,95,B,Frontal,1
758,Idan,Avraham,100,1,93,B,Zoom,1
759,Jerry,Maman,80,1,100,B,Zoom,1
760,Ori,Nickolson,75,1,98,C,Zoom,1
761,Mor,Oved,95,1,96,B,Zoom,1
762,Zohar,Porat,50,1,85,A,Frontal,0
763,Idan,Desta,100,1,55,A,Zoom,0
764,Jerry,Cohen,100,1,95,B,Zoom,1
765,Adam,Bar,50,1,88,B,Frontal,0
766,Linda,Ben-Zvi,65,1,80,B,Zoom,1
767,Ori,Biton,90,1,95,C,Frontal,1
768,Kevin,Biton,85,1,90,B,Frontal,1
769,Adam,Ben-Zvi,90,1,80,C,Zoom,1
770,Linda,Deri,70,1,75,D,Zoom,0
771,Or,Shalom,90,1,93,B,Frontal,1
772,Avraham,Ben-Zvi,80,1,83,C,Zoom,1
773,Ram,Porat,50,0,78,B,Frontal,0
774,Adam,Porat,75,1,94,A,Zoom,1
775,Natasha,Ben-Moshe,80,1,65,C,Zoom,0
776,Aviram,Bar,85,1,83,D,Zoom,0
777,Ram,Ben-Moshe,75,1,80,B,Zoom,1
778,John,Deri,55,1,89,A,Zoom,0
779,Billy,Shalom,90,1,90,A,Frontal,1
780,Kevin,Haviv,70,1,81,D,Zoom,0
781,Jerry,Haviv,70,1,98,B,Frontal,1
782,Brian,Oved,100,0,81,D,Frontal,0
783,Linda,Oved,100,0,100,B,Zoom,1
784,Brian,Atia,100,0,98,B,Zoom,1
785,Robin,Avraham,50,1,65,D,Frontal,0
786,Keli,Atia,70,1,79,B,Zoom,1
787,Eliran,Biton,95,0,90,B,Frontal,1
788,Ariel,Shalom,100,1,75,A,Zoom,0
789,Brian,Oved,100,0,78,B,Zoom,1
790,Ariel,Shmuel,100,1,84,C,Frontal,1
791,Ram,Atia,100,1,55,C,Zoom,0
792,Aviram,Maman,80,1,94,C,Zoom,1
793,Ori,Nickolson,70,1,78,D,Zoom,0
794,Ori,Biton,55,1,80,B,Zoom,0
795,Kevin,Cohen,75,1,81,A,Frontal,1
796,Zohar,Nickolson,55,1,55,D,Frontal,0
797,Ram,Ben-Zvi,100,1,90,A,Frontal,1
798,Tair,Shmuel,80,1,90,C,Frontal,1
799,Ido,Shalom,90,0,65,B,Frontal,0
800,Jerry,Biton,90,1,78,D,Frontal,0
801,Keli,Maman,60,1,78,C,Frontal,1
802,Sapir,Itzhak,100,1,80,A,Zoom,1
803,Esther,Nickolson,75,1,81,B,Zoom,1
804,Or,Nickolson,75,1,100,D,Frontal,0
805,Ido,Ben-Zvi,90,1,88,A,Frontal,1
806,Danny,Oved,75,0,94,B,Frontal,1
807,Nati,Haviv,80,0,75,C,Frontal,0
808,Kevin,Haviv,80,1,88,C,Zoom,1
809,Aviram,Atia,90,0,93,B,Frontal,1
810,Mor,Shalom,50,1,89,A,Frontal,0
811,Avraham,Shmuel,100,1,83,B,Zoom,1
812,Dorit,Itzhak,80,1,65,C,Frontal,0
813,Adam,Maman,60,0,93,C,Zoom,1
814,Danny,Oved,70,1,75,A,Zoom,0
815,Alex,Deri,70,1,95,A,Zoom,1
816,Nati,Haviv,60,0,80,B,Zoom,1
817,Alex,Oved,95,0,95,B,Frontal,1
818,Sarah,Shmuel,80,0,100,B,Zoom,1
819,Sapir,Biton,100,1,96,B,Zoom,1
820,Keli,Deri,75,0,81,B,Frontal,1
821,Natasha,Nickolson,80,0,65,A,Frontal,0
822,Ariel,Atia,100,0,90,C,Frontal,1
823,Ariel,Haviv,100,1,79,C,Frontal,1
824,Adam,Avraham,100,0,75,B,Zoom,0
825,Or,Shmuel,100,1,79,B,Frontal,1
826,Kevin,Desta,95,1,65,B,Zoom,0
827,Ori,Shalom,100,1,81,B,Zoom,1
828,John,Maman,55,0,95,D,Frontal,0
829,Talia,Ben-Moshe,100,0,78,B,Zoom,1
830,Avishay,Oved,85,0,92,B,Frontal,1
831,Zohar,Bar,80,0,78,A,Zoom,1
832,Sapir,Shmuel,100,0,100,B,,1
833,Linda,,100,1,80,,,1
834,Linda,,70,0,92,,,1
835,Adam,,70,1,89,,,1
836,Danny,Haviv,90,1,80,B,,1
837,Alex,Ben-Zvi,100,1,80,C,,1
838,Kevin,Itzhak,65,1,78,D,,0
839,Sarah,Shalom,100,1,95,C,,1
840,Ram,Nickolson,75,1,81,C,Frontal,1
841,Jerry,Ben-Moshe,95,0,98,C,Zoom,1
842,Chen,Shalom,100,0,88,B,Frontal,1
843,Dorit,Shalom,50,1,90,C,Frontal,0
844,Ohad,Avraham,60,0,93,B,Frontal,1
845,Tair,Bar,80,1,81,A,Frontal,1
846,Linda,Cohen,100,1,94,B,Zoom,1
847,Ohad,Ben-Moshe,100,1,92,C,Frontal,1
848,Ori,Atia,100,0,89,C,Zoom,1
849,Jerry,Atia,80,0,95,C,Zoom,1
850,Avishay,Itzhak,90,1,78,B,Frontal,1
851,Ariel,Maman,65,1,84,C,Frontal,1
852,Ohad,Avraham,80,1,75,B,Zoom,0
853,Linda,Biton,100,1,95,A,Zoom,1
854,Linda,Oved,90,0,55,B,Frontal,0
855,Ori,Shalom,100,0,84,B,Frontal,1
856,Michael,Atia,80,1,65,B,Zoom,0
857,Robin,Shmuel,75,1,100,B,Zoom,1
858,Ariel,Desta,75,0,94,C,Zoom,1
859,Sarah,Desta,80,1,84,A,Frontal,1
860,Ohad,Itzhak,100,0,92,C,Frontal,1
861,Avishay,Oved,85,1,80,A,Zoom,1
862,Brian,Nickolson,100,1,75,B,Frontal,0
863,Chen,Shmuel,100,1,88,A,Zoom,1
864,Katia,Atia,90,1,80,D,Zoom,0
865,Kevin,Shalom,75,1,100,C,Zoom,1
866,Mor,Ben-Moshe,100,0,88,D,Zoom,0
867,Zohar,Nickolson,100,0,75,C,Zoom,0
868,Ela,Deri,95,1,90,A,Zoom,1
869,Kevin,Avraham,60,1,92,C,Zoom,1
870,Orly,Desta,55,0,80,B,Zoom,0
871,Zohar,Nickolson,100,1,98,C,Frontal,1
872,Ela,Atia,65,1,96,C,Zoom,1
873,Adam,Porat,100,1,80,B,Zoom,1
874,Esther,Nickolson,100,1,81,B,Frontal,1
875,Idan,Nickolson,65,1,100,C,Zoom,1
876,Avishay,Shalom,100,1,80,B,Frontal,1
877,Sapir,Bar,100,0,55,C,Frontal,0
878,Katia,Atia,100,1,80,A,Frontal,1
879,Ram,Shalom,70,1,90,A,Frontal,1
880,Jerry,Shalom,50,1,90,B,Frontal,0
881,Robin,Avraham,85,0,95,A,Zoom,1
882,Robin,Shmuel,70,1,93,A,Zoom,1
883,Linda,Bar,65,0,88,A,Frontal,1
884,Or,Ben-Zvi,100,1,98,B,Frontal,1
885,Nati,Haviv,65,1,94,B,Frontal,1
886,Zohar,Ben-Moshe,100,1,100,A,Frontal,1
887,John,Itzhak,90,0,98,B,Frontal,1
888,Danny,Atia,70,1,84,B,Frontal,1
889,Adele,Haviv,100,1,80,C,Zoom,1
890,Michael,Bar,90,0,93,B,Frontal,1
891,Billy,Avraham,100,1,80,A,Zoom,1
892,Ela,Deri,90,0,80,B,Frontal,1
893,Tair,Shalom,85,1,55,B,Frontal,0
894,Natasha,Atia,80,0,83,C,Zoom,1
895,Adam,Itzhak,65,1,80,C,Zoom,1
896,Ohad,Deri,100,1,80,B,Zoom,1
897,Linda,Haviv,75,0,65,C,Zoom,0
898,Chen,Deri,70,1,100,C,Frontal,1
899,Ram,Cohen,85,1,80,C,Zoom,1
900,Danny,Deri,80,0,55,A,Zoom,0
901,Nitzan,Deri,90,1,94,A,Zoom,1
902,Tamar,Desta,90,1,79,A,Frontal,1
903,Alex,Ben-Moshe,85,1,96,A,Frontal,1
904,Mor,Shalom,100,1,93,A,Zoom,1
905,Ela,Shalom,75,1,100,C,Frontal,1
906,Dorit,Haviv,55,0,96,B,Frontal,0
907,Dorit,Shalom,100,1,96,A,Zoom,1
908,Linda,Biton,75,1,90,B,Zoom,1
909,Alex,Cohen,100,1,83,A,Frontal,1
910,Alex,Oved,70,1,83,B,Frontal,1
911,John,Nickolson,90,0,78,B,Zoom,1
912,Brian,Shmuel,80,0,100,C,Zoom,1
913,Billy,Haviv,75,1,80,C,Frontal,1
914,Chen,Itzhak,70,1,84,B,Zoom,1
915,Adele,Cohen,100,1,100,B,Frontal,1
916,Chen,Porat,100,1,90,A,Zoom,1
917,Ariel,Nickolson,100,1,89,B,Zoom,1
918,Billy,Nickolson,70,0,100,D,Frontal,0
919,Brian,Shmuel,60,1,95,B,Zoom,1
920,John,Porat,90,1,90,D,Frontal,0
921,Nati,Shmuel,75,1,80,A,Frontal,1
922,Sapir,Desta,65,0,85,B,Frontal,1
923,Ohad,Shmuel,90,1,94,A,Frontal,1
924,Ela,Shalom,75,1,65,C,Zoom,0
925,Billy,Ben-Zvi,100,1,80,A,Zoom,1
926,Kevin,Porat,80,1,65,B,Zoom,0
927,Tamar,Desta,60,0,65,C,Frontal,0
928,Aviram,Deri,100,1,75,B,Zoom,0
929,Linda,Cohen,100,1,100,C,Zoom,1
930,Robin,Nickolson,70,1,100,B,Zoom,1
931,Adam,Shmuel,95,1,92,B,Frontal,1
932,Kevin,Haviv,70,0,83,B,Zoom,1
933,Chen,Porat,70,0,93,B,Zoom,1
934,Brian,Ben-Moshe,90,1,95,A,Frontal,1
935,Talia,Maman,90,1,83,C,Zoom,1
936,Avishay,Shalom,55,1,90,C,Frontal,0
937,Adam,Ben-Moshe,75,0,93,A,Frontal,1
938,Ariel,Shalom,100,1,55,D,Zoom,0
939,Linda,Ben-Zvi,75,1,81,B,Frontal,1
940,Alex,Shmuel,60,1,94,B,Zoom,1
941,Sapir,Bar,100,0,100,A,Zoom,1
942,Michael,Shalom,70,1,65,C,Frontal,0
943,Tamar,Nickolson,80,1,100,D,Frontal,0
944,Zohar,Avraham,70,0,78,B,Zoom,1
945,Danny,Nickolson,80,1,79,B,Frontal,1
946,Michael,Itzhak,80,1,92,C,Frontal,1
947,Ela,Oved,55,1,90,C,Frontal,0
948,Adele,Nickolson,80,0,75,C,Frontal,0
949,Ram,Cohen,100,1,83,A,Zoom,1
950,Orly,Cohen,55,1,65,B,Zoom,0
951,Kevin,Nickolson,60,1,96,B,Frontal,1
952,Or,Atia,60,1,85,C,Frontal,1
953,John,Haviv,95,1,88,B,Frontal,1
954,Danny,Oved,50,1,81,B,Zoom,0
955,Sapir,Cohen,100,0,89,B,Zoom,1
956,Chen,Maman,55,1,80,C,Frontal,0
957,Chen,Oved,75,1,90,C,Zoom,1
958,Jerry,Bar,100,1,80,B,Frontal,1
959,Danny,Haviv,80,1,92,A,Frontal,1
960,Tamar,Biton,85,1,100,A,Zoom,1
961,Aviram,Deri,100,1,100,D,Frontal,0
962,Keli,Bar,60,1,100,B,Zoom,1
963,Ohad,Ben-Moshe,85,1,88,C,Frontal,1
964,Eliran,Haviv,100,1,96,A,Frontal,1
965,Danny,Avraham,50,1,75,D,Zoom,0
966,Robin,Nickolson,100,1,98,D,Frontal,0
967,Orly,Oved,55,1,90,B,Zoom,0
968,Danny,Avraham,75,1,55,B,Zoom,0
969,Eliran,Nickolson,55,1,80,D,Zoom,0
970,Aviram,Ben-Moshe,90,1,94,B,Zoom,1
971,Natasha,Desta,70,1,79,B,Frontal,1
972,Ram,Maman,80,1,83,D,Frontal,0
973,Orly,Itzhak,100,0,85,C,Frontal,1
974,Avishay,Bar,60,1,80,C,Frontal,1
975,Or,Ben-Zvi,55,0,89,C,Zoom,0
976,Tair,Oved,60,0,80,C,Frontal,1
977,Ido,Porat,60,0,100,A,Frontal,1
978,Adam,Shalom,95,0,65,A,Zoom,0
979,Tamar,Desta,80,1,95,B,Frontal,1
980,Keli,Bar,100,1,94,B,Frontal,1
981,Avishay,Ben-Moshe,90,1,90,D,Frontal,0
982,Brian,Porat,50,1,80,D,Zoom,0
983,Chen,Ben-Moshe,100,1,93,A,Zoom,1
984,Sapir,Bar,70,1,85,C,Frontal,1
985,Zohar,Shalom,50,1,65,D,Zoom,0
986,Katia,Shalom,60,0,85,B,Frontal,1
987,Alex,Nickolson,65,0,94,C,Frontal,1
988,Avraham,Biton,55,1,90,A,Frontal,0
989,Sarah,Ben-Moshe,100,1,90,B,Zoom,1
990,Ido,Cohen,80,1,93,D,Zoom,0
991,Ela,Bar,100,1,55,B,Zoom,0
992,Katia,Bar,90,1,79,D,Frontal,0
993,John,Desta,60,1,65,B,Frontal,0
994,Ido,Biton,80,1,79,C,Zoom,1
995,Talia,Maman,80,1,80,D,Frontal,0
996,Katia,Ben-Moshe,90,1,100,A,Frontal,1
997,Dorit,Porat,70,1,80,C,Frontal,1
998,Natasha,Itzhak,75,1,78,B,Zoom,1
999,Adele,Desta,100,1,88,B,Frontal,1
1000,Adele,Cohen,90,0,90,B,Frontal,1
1001,Brian,Maman,80,1,98,C,Frontal,1
1002,Eliran,Ben-Moshe,60,1,89,B,Frontal,1
1003,Idan,Atia,65,0,80,A,Zoom,1
1004,Nitzan,Oved,50,0,55,D,Zoom,0
1005,Avraham,Haviv,70,1,100,A,Frontal,1
1006,Talia,Nickolson,75,1,80,C,Zoom,1
1007,Ela,Atia,100,1,94,D,Zoom,0
1008,Dorit,Ben-Zvi,90,1,84,A,Zoom,1
1009,Chen,Oved,100,1,80,B,Zoom,1
1010,Orly,Porat,100,1,84,C,Zoom,1
1011,Keli,Shmuel,70,1,88,A,Zoom,1
1012,Tair,Porat,100,0,78,B,Frontal,1
1013,Robin,Itzhak,80,0,75,B,Frontal,0
1014,Esther,Itzhak,90,1,78,A,Zoom,1
1015,Kevin,Avraham,75,0,80,B,Frontal,1
1016,Adam,Shalom,55,1,55,B,Zoom,0
1017,Michael,Avraham,80,1,80,A,Zoom,1
1018,Sarah,Bar,100,0,84,A,Frontal,1
1019,Avishay,Atia,55,1,100,C,Frontal,0
1020,John,Maman,80,1,84,B,Zoom,1
1021,Chen,Ben-Moshe,80,1,100,C,Zoom,1
1022,Tair,Biton,75,1,94,D,Zoom,0
1023,Tamar,Maman,95,0,81,C,Zoom,1
1024,Mor,Ben-Moshe,70,1,84,D,Zoom,0
1025,Sarah,Deri,100,0,84,A,Frontal,1
1026,Ram,Atia,100,1,88,B,Frontal,1
1027,Kevin,Desta,90,1,88,A,Frontal,1
1028,Danny,Ben-Moshe,75,1,90,B,Zoom,1
1029,Talia,Porat,90,1,93,B,Zoom,1
1030,Ido,Bar,100,1,78,C,Frontal,1
1031,Kevin,Ben-Moshe,100,1,80,C,Zoom,1
1032,Ela,Avraham,80,1,92,A,Frontal,1
1033,Dorit,Porat,70,1,81,B,Zoom,1
1034,Tair,Deri,100,1,85,A,Zoom,1
1035,Mor,Maman,95,1,90,B,Frontal,1
1036,Avishay,Maman,100,1,96,A,Zoom,1
1037,Avraham,Ben-Zvi,60,1,100,A,Zoom,1
1038,Sapir,Atia,90,1,92,C,Zoom,1
1039,Tair,Nickolson,65,1,100,B,Frontal,1
1040,Zohar,Maman,75,1,98,B,Frontal,1
1041,Dorit,Haviv,80,1,90,B,Frontal,1
1042,Zohar,Haviv,85,0,95,C,Frontal,1
1043,Or,Shmuel,85,1,100,B,Frontal,1
1044,Jerry,Deri,100,0,85,D,Zoom,0
1045,Sarah,Nickolson,90,1,85,B,Frontal,1
1046,Alex,Deri,80,1,79,B,Frontal,1
1047,Danny,Oved,100,0,95,A,Zoom,1
1048,Avishay,Haviv,55,0,89,B,Frontal,0
1049,Avishay,Biton,80,1,96,C,Frontal,1
1050,Nitzan,Haviv,80,1,94,A,Frontal,1
1051,Robin,Bar,80,1,79,B,Zoom,1
1052,Tamar,Avraham,100,1,92,A,Frontal,1
1053,Linda,Cohen,55,1,78,B,Frontal,0
1054,Ohad,Desta,85,0,94,C,Zoom,1
1055,Orly,Maman,50,1,88,B,Zoom,0
1056,Tamar,Ben-Zvi,90,1,89,B,Frontal,1
1057,Tamar,Deri,55,0,98,A,Frontal,0
1058,Ido,Porat,50,1,78,A,Frontal,0
1059,Jerry,Bar,95,0,90,A,Frontal,1
1060,Keli,Deri,80,1,90,B,Zoom,1
1061,Tair,Haviv,90,0,95,B,Frontal,1
1062,Dorit,Cohen,70,0,93,B,Zoom,1
1063,Ohad,Shalom,100,1,94,B,Zoom,1
1064,John,Deri,70,0,96,D,Zoom,0
1065,Ido,Desta,80,1,80,C,Frontal,1
1066,Adam,Cohen,85,1,92,A,Frontal,1
1067,Chen,Oved,100,0,90,A,Zoom,1
1068,Ram,Shalom,80,1,80,B,Zoom,1
1069,Keli,Porat,80,1,80,C,Zoom,1
1070,Avishay,Biton,80,0,90,B,Frontal,1
1071,Adele,Itzhak,100,0,80,A,Zoom,1
1072,Adam,Shalom,100,1,65,B,Frontal,0
1073,Natasha,Maman,100,1,89,B,Frontal,1
1074,Avraham,Desta,75,1,100,B,Frontal,1
1075,Keli,Deri,60,1,78,B,Frontal,1
1076,Nitzan,Itzhak,75,1,80,A,Frontal,1
1077,Keli,Ben-Moshe,65,0,55,B,Zoom,0
1078,Ram,Ben-Moshe,100,1,90,B,Zoom,1
1079,Chen,Maman,100,0,78,C,Zoom,1
1080,Ariel,Cohen,75,0,75,A,Frontal,0
1081,Ido,Avraham,50,1,78,B,Frontal,0
1082,Alex,Bar,65,1,80,B,Zoom,1
1083,Natasha,Shalom,75,1,81,C,Frontal,1
1084,John,Bar,55,1,89,B,Frontal,0
1085,Avishay,Ben-Zvi,75,1,80,A,Frontal,1
1086,Michael,Haviv,100,0,75,A,Zoom,0
1087,Michael,Ben-Zvi,75,1,65,A,Frontal,0
1088,Ela,Nickolson,100,1,96,B,Frontal,1
1089,Alex,Avraham,100,1,80,A,Zoom,1
1090,Nitzan,Porat,70,1,92,D,Frontal,0
1091,Ido,Itzhak,75,1,80,B,Frontal,1
1092,Brian,Avraham,70,1,93,C,Frontal,1
1093,Ram,Ben-Moshe,80,1,90,A,Zoom,1
1094,Ohad,Porat,90,1,75,C,Zoom,0
1095,Brian,Maman,100,1,79,B,Frontal,1
1096,Idan,Deri,80,0,80,B,Zoom,1
1097,Keli,Nickolson,100,1,88,B,Zoom,1
1098,Avishay,Haviv,55,0,55,A,Zoom,0
1099,Avishay,Bar,90,1,65,B,Zoom,0
1100,Or,Biton,80,1,98,C,Frontal,1
1101,Keli,Itzhak,85,1,88,B,Frontal,1
1102,Tair,Oved,100,0,88,A,Frontal,1
1103,Alex,Avraham,90,1,78,C,Zoom,1
1104,Nitzan,Bar,90,1,79,C,Zoom,1
1105,Chen,Nickolson,50,1,95,A,Frontal,0
1106,Ela,Maman,100,1,100,B,Frontal,1
1107,Avraham,Cohen,70,0,78,C,Frontal,1
1108,Ori,Shmuel,90,1,65,A,Zoom,0
1109,Robin,Ben-Zvi,100,1,65,C,Zoom,0
1110,Mor,Ben-Moshe,100,1,65,C,Frontal,0
1111,Kevin,Shalom,50,1,96,C,Frontal,0
1112,Mor,Itzhak,90,0,94,A,Frontal,1
1113,Or,Maman,70,1,93,C,Frontal,1
1114,Talia,Oved,80,1,100,D,Zoom,0
1115,Sapir,Avraham,75,0,84,B,Zoom,1
1116,Ariel,Avraham,80,1,92,C,Zoom,1
1117,Zohar,Biton,80,1,79,C,Frontal,1
1118,Linda,Atia,100,1,84,B,Frontal,1
1119,Brian,Desta,55,0,90,B,Frontal,0
1120,Adele,Avraham,100,1,100,B,Zoom,1
1121,Aviram,Desta,95,0,84,A,Frontal,1
1122,Alex,Cohen,80,0,94,A,Zoom,1
1123,Dorit,Bar,100,1,100,B,Frontal,1
1124,Orly,Avraham,55,1,80,C,Zoom,0
1125,Sapir,Desta,60,0,100,D,Zoom,0
1126,Sarah,Nickolson,100,0,80,A,Frontal,1
1127,Tair,Maman,60,0,95,C,Zoom,1
1128,Sapir,Atia,90,1,92,B,Frontal,1
1129,Kevin,Maman,95,1,98,B,Zoom,1
1130,Natasha,Shalom,100,1,89,B,Frontal,1
1131,Orly,Biton,90,1,95,D,Zoom,0
1132,Orly,Oved,85,1,95,A,Zoom,1
1133,Or,Cohen,100,1,92,D,Frontal,0
1134,Danny,Shmuel,90,1,95,B,Frontal,1
1135,John,Desta,50,1,90,A,Frontal,0
1136,Ori,Biton,75,1,85,D,Frontal,0
1137,Natasha,Avraham,80,1,85,A,Zoom,1
1138,Ariel,Bar,100,1,100,B,Zoom,1
1139,Sarah,Avraham,95,1,75,B,Zoom,0
1140,Ariel,Desta,75,1,90,A,Zoom,1
1141,Billy,Ben-Moshe,80,0,55,A,Frontal,0
1142,Danny,Oved,100,0,100,C,Frontal,1
1143,Avraham,Avraham,80,1,81,A,Frontal,1
1144,Adam,Cohen,100,1,78,B,Frontal,1
1145,Danny,Avraham,90,0,80,C,Zoom,1
1146,Eliran,Shmuel,65,1,84,C,Zoom,1
1147,Sarah,Porat,50,0,80,A,Frontal,0
1148,Natasha,Bar,70,0,96,A,Zoom,1
1149,Esther,Shalom,80,1,88,C,Frontal,1
1150,Dorit,Itzhak,90,1,96,B,Zoom,1
1151,Adam,Oved,80,1,88,B,Frontal,1
1152,Robin,Biton,80,1,80,A,Frontal,1
1153,Tamar,Porat,100,1,98,D,Frontal,0
1154,Ori,Biton,55,1,75,D,Zoom,0
1155,Keli,Ben-Zvi,90,1,90,C,Zoom,1
1156,Ariel,Deri,100,1,79,C,Zoom,1
1157,Natasha,Deri,75,1,80,B,Zoom,1
1158,Kevin,Avraham,100,1,100,A,Frontal,1
1159,Ori,Deri,70,1,95,B,Zoom,1
1160,Ela,Atia,100,1,80,A,Zoom,1
1161,Adele,Biton,65,1,75,D,Frontal,0
1162,Brian,Avraham,100,1,98,A,Frontal,1
1163,Ohad,Desta,90,0,89,B,Frontal,1
1164,Aviram,Avraham,85,0,85,C,Zoom,1
1165,Kevin,Itzhak,100,1,55,B,Zoom,0
1166,Tamar,Desta,85,0,98,D,Zoom,0
1167,Avraham,Biton,100,1,95,D,Zoom,0
1168,Ariel,Desta,70,1,79,C,Frontal,1
1169,Tair,Haviv,70,1,100,A,Frontal,1
1170,Eliran,Atia,100,1,96,A,Zoom,1
1171,Ori,Deri,90,1,94,B,Zoom,1
1172,Adam,Biton,80,0,81,D,Zoom,0
1173,Billy,Atia,100,1,100,B,Zoom,1
1174,Tamar,Avraham,55,1,88,D,Frontal,0
1175,Ohad,Atia,55,1,90,B,Frontal,0
1176,Tair,Bar,80,1,55,A,Zoom,0
1177,Or,Avraham,100,0,96,B,Frontal,1
1178,Linda,Avraham,75,1,98,B,Zoom,1
1179,Ori,Porat,100,0,94,B,Frontal,1
1180,Ariel,Itzhak,90,1,78,D,Zoom,0
1181,Sarah,Maman,65,1,94,D,Zoom,0
1182,Jerry,Deri,100,1,79,A,Frontal,1
1183,John,Ben-Zvi,100,1,65,A,Frontal,0
1184,Mor,Ben-Zvi,75,0,85,B,Zoom,1
1185,Katia,Atia,100,0,88,D,Frontal,0
1186,Chen,Desta,75,1,100,D,Zoom,0
1187,Kevin,Ben-Moshe,70,1,85,B,Zoom,1
1188,Robin,Nickolson,100,1,83,B,Zoom,1
1189,Sarah,Avraham,70,1,90,A,Zoom,1
1190,Tair,Biton,100,1,65,B,Zoom,0
1191,Tamar,Oved,100,1,85,B,Frontal,1
1192,Brian,Cohen,80,0,95,A,Frontal,1
1193,Adam,Avraham,75,1,65,B,Zoom,0
1194,Katia,Nickolson,75,1,93,B,Frontal,1
1195,Ido,Bar,75,1,85,C,Frontal,1
1196,Esther,Biton,75,0,80,B,Frontal,1
1197,Eliran,Ben-Moshe,80,1,88,A,Frontal,1
1198,Ariel,Shalom,55,1,93,B,Zoom,0
1199,Avishay,Oved,100,1,79,C,Zoom,1
1200,Talia,Bar,75,1,84,C,Frontal,1
1201,Esther,Biton,90,1,80,B,Frontal,1
1202,Billy,Shmuel,50,0,55,B,Zoom,0
1203,Jerry,Avraham,90,1,95,B,Frontal,1
1204,Talia,Maman,80,1,94,A,Zoom,1
1205,Natasha,Haviv,100,0,89,A,Zoom,1
1206,Avishay,Desta,75,1,80,D,Zoom,0
1207,Avraham,Nickolson,70,1,90,C,Zoom,1
1208,Ori,Desta,50,1,80,A,Frontal,0
1209,Ariel,Shalom,100,0,89,B,Zoom,1
1210,Billy,Haviv,55,1,55,B,Frontal,0
1211,Talia,Porat,100,1,55,B,Zoom,0
1212,Ohad,Ben-Zvi,70,0,55,A,Zoom,0
1213,John,Nickolson,90,0,92,C,Zoom,1
1214,Or,Shalom,75,1,96,C,Frontal,1
1215,Keli,Atia,85,1,78,C,Zoom,1
1216,Orly,Oved,55,0,90,B,Frontal,0
1217,John,Shmuel,80,1,100,B,Zoom,1
1218,Brian,Porat,70,1,84,B,Frontal,1
1219,Brian,Porat,100,1,81,A,Frontal,1
1220,Kevin,Deri,100,1,78,C,Frontal,1
1221,Ido,Shmuel,70,1,80,A,Zoom,1
1222,Danny,Shmuel,90,1,89,D,Zoom,0
1223,Kevin,Oved,50,1,55,A,Zoom,0
1224,Sarah,Atia,100,1,55,B,Frontal,0
1225,Nitzan,Ben-Zvi,80,1,100,B,Zoom,1
1226,Billy,Shmuel,60,1,78,B,Frontal,1
1227,Esther,Biton,50,0,88,A,Frontal,0
1228,Esther,Porat,100,0,89,A,Zoom,1
1229,Ohad,Shalom,100,0,85,B,Zoom,1
1230,Ido,Oved,55,1,80,B,Frontal,0
1231,Avraham,Shmuel,100,0,85,D,Zoom,0
1232,Orly,Shalom,100,1,100,A,Zoom,1
1233,Nati,Shalom,90,1,80,B,Frontal,1
1234,Kevin,Avraham,60,0,65,D,Frontal,0
1235,Robin,Avraham,50,1,83,B,Zoom,0
1236,Idan,Desta,100,1,80,D,Frontal,0
1237,Orly,Deri,100,1,80,D,Zoom,0
1238,Kevin,Atia,90,1,78,D,Frontal,0
1239,Kevin,Nickolson,85,1,96,A,Frontal,1
1240,Ori,Shmuel,70,1,78,A,Zoom,1
1241,Or,Biton,70,1,80,B,Frontal,1
1242,Tair,Cohen,55,1,89,D,Zoom,0
1243,Brian,Nickolson,95,1,94,D,Frontal,0
1244,Mor,Ben-Moshe,80,1,79,A,Zoom,1
1245,Kevin,Biton,100,0,96,B,Zoom,1
1246,Adam,Nickolson,100,1,90,A,Frontal,1
1247,Ela,Nickolson,95,1,55,A,Frontal,0
1248,Talia,Bar,70,1,75,B,Zoom,0
1249,Robin,Porat,50,0,90,A,Frontal,0
1250,Katia,Nickolson,55,0,90,D,Zoom,0
1251,Ohad,Ben-Zvi,100,0,65,B,Zoom,0
1252,Ori,Bar,70,1,79,B,Frontal,1
1253,Ido,Oved,80,1,98,B,Zoom,1
1254,Zohar,Itzhak,70,1,78,A,Zoom,1
1255,Nati,Desta,65,1,78,B,Frontal,1
1256,Avishay,Shmuel,80,1,90,B,Zoom,1
1257,Aviram,Nickolson,90,1,100,A,Frontal,1
1258,Nati,Oved,90,1,98,D,Frontal,0
1259,Aviram,Shalom,80,1,85,C,Frontal,1
1260,Avraham,Oved,65,1,92,A,Zoom,1
1261,Ido,Shmuel,100,0,93,D,Frontal,0
1262,Natasha,Nickolson,55,0,85,C,Frontal,0
1263,John,Nickolson,100,0,100,A,Frontal,1
1264,Talia,Biton,75,0,95,B,Frontal,1
1265,Kevin,Biton,70,1,78,D,Frontal,0
1266,Robin,Porat,85,0,80,B,Zoom,1
1267,Tamar,Ben-Zvi,55,1,80,C,Zoom,0
1268,Ido,Itzhak,100,1,65,C,Frontal,0
1269,Nitzan,Ben-Zvi,100,1,81,D,Zoom,0
1270,Eliran,Ben-Moshe,100,1,80,B,Frontal,1
1271,Ori,Deri,90,1,93,C,Zoom,1
1272,John,Avraham,65,1,65,C,Frontal,0
1273,Nati,Deri,80,0,88,B,Frontal,1
1274,Adele,Avraham,75,1,78,B,Frontal,1
1275,Kevin,Haviv,60,1,78,D,Frontal,0
1276,Orly,Nickolson,90,1,89,A,Zoom,1
1277,Sapir,Porat,75,0,88,B,Zoom,1
1278,Ori,Porat,80,0,85,D,Zoom,0
1279,Avishay,Porat,100,1,85,B,Frontal,1
1280,Idan,Shmuel,100,1,95,A,Zoom,1
1281,Dorit,Oved,85,1,90,B,Frontal,1
1282,Ori,Atia,50,1,88,A,Zoom,0
1283,Aviram,Deri,100,1,85,D,Zoom,0
1284,Natasha,Shalom,70,1,85,D,Frontal,0
1285,Or,Ben-Moshe,100,1,100,C,Zoom,1
1286,Ela,Desta,100,1,65,C,Frontal,0
1287,Chen,Ben-Moshe,55,1,90,C,Frontal,0
1288,Jerry,Biton,70,1,94,B,Zoom,1
1289,Chen,Cohen,70,1,100,B,Frontal,1
1290,Chen,Itzhak,90,1,100,B,Zoom,1
1291,Orly,Atia,55,1,100,C,Frontal,0
1292,Linda,Desta,70,0,80,A,Zoom,1
1293,Orly,Cohen,80,1,88,B,Frontal,1
1294,Nitzan,Cohen,75,1,85,C,Frontal,1
1295,Kevin,Oved,100,1,75,C,Frontal,0
1296,Chen,Bar,95,0,90,A,Zoom,1
1297,Sarah,Nickolson,95,1,83,B,Frontal,1
1298,Nitzan,Shmuel,100,1,83,B,Zoom,1
1299,Ori,Shalom,65,0,93,B,Zoom,1
1300,Or,Bar,65,1,100,B,Zoom,1
1301,Avraham,Haviv,65,1,80,B,Frontal,1
1302,Ela,Avraham,70,1,80,A,Zoom,1
1303,Kevin,Porat,75,1,94,B,Zoom,1
1304,Alex,Shalom,80,1,88,A,Frontal,1
1305,Dorit,Deri,70,1,85,B,Frontal,1
1306,Chen,Ben-Zvi,50,1,98,A,Frontal,0
1307,Danny,Haviv,75,1,90,B,Frontal,1
1308,Kevin,Shmuel,90,0,85,C,Frontal,1
1309,Brian,Ben-Moshe,90,1,98,A,Zoom,1
1310,Ela,Atia,100,1,80,B,Zoom,1
1311,Adele,Atia,100,1,80,B,Zoom,1
1312,Eliran,Avraham,70,1,78,B,Zoom,1
1313,Avraham,Cohen,90,1,65,B,Frontal,0
1314,Avraham,Ben-Moshe,80,1,84,B,Frontal,1
1315,Ido,Shalom,50,1,78,C,Frontal,0
1316,Kevin,Atia,80,1,90,C,Zoom,1
1317,Dorit,Deri,80,0,55,A,Frontal,0
1318,Sapir,Ben-Moshe,85,1,96,C,Zoom,1
1319,Ela,Avraham,90,1,79,B,Zoom,1
1320,Brian,Avraham,80,0,75,C,Zoom,0
1321,Alex,Atia,100,1,100,B,Frontal,1
1322,Sarah,Oved,65,0,84,A,Frontal,1
1323,Danny,Desta,50,1,100,B,Zoom,0
1324,Nati,Avraham,65,0,90,B,Zoom,1
1325,Dorit,Ben-Moshe,90,1,79,B,Zoom,1
1326,Adam,Desta,80,0,55,B,Zoom,0
1327,Chen,Cohen,55,1,90,A,Zoom,0
1328,Michael,Shmuel,100,1,80,A,Frontal,1
1329,Orly,Biton,80,0,79,B,Frontal,1
1330,Dorit,Maman,75,1,78,B,Frontal,1
1331,Natasha,Ben-Zvi,85,1,80,C,Zoom,1
1332,Eliran,Ben-Moshe,75,1,75,C,Zoom,0
1333,Avraham,Ben-Zvi,95,1,75,A,Frontal,0
1334,Alex,Biton,100,0,80,C,Zoom,1
1335,Esther,Cohen,60,0,90,C,Zoom,1
1336,Eliran,Atia,80,1,95,D,Zoom,0
1337,Kevin,Desta,70,1,78,C,Frontal,1
1338,Avraham,Desta,70,1,95,C,Frontal,1
1339,Orly,Haviv,100,1,84,A,Frontal,1
1340,Ohad,Bar,100,1,100,A,Zoom,1
1341,Talia,Ben-Zvi,55,0,78,B,Frontal,0
1342,Orly,Shalom,80,1,93,A,Frontal,1
1343,Nati,Desta,100,1,75,B,Frontal,0
1344,Jerry,Avraham,100,1,80,A,Zoom,1
1345,Ori,Porat,100,0,78,B,Frontal,1
1346,Aviram,Ben-Zvi,100,1,89,C,Zoom,1
1347,Michael,Ben-Moshe,90,1,84,A,Zoom,1
1348,Ohad,Maman,100,0,92,A,Frontal,1
1349,Danny,Ben-Zvi,90,1,83,B,Zoom,1
1350,Ohad,Deri,100,1,89,B,Zoom,1
1351,Chen,Avraham,100,1,78,C,Frontal,1
1352,Ariel,Porat,100,0,85,B,Frontal,1
1353,Kevin,Porat,100,1,100,B,Zoom,1
1354,Kevin,Bar,100,1,80,A,Frontal,1
1355,Michael,Porat,60,0,80,A,Frontal,1
1356,Aviram,Bar,55,1,92,B,Frontal,0
1357,Kevin,Ben-Zvi,55,1,85,D,Zoom,0
1358,Ido,Atia,65,1,92,D,Zoom,0
1359,Ela,Haviv,100,1,90,B,Zoom,1
1360,Idan,Biton,55,1,100,B,Frontal,0
1361,Esther,Cohen,95,1,79,B,Zoom,1
1362,Adele,Cohen,55,1,78,D,Frontal,0
1363,Linda,Shmuel,80,1,55,C,Zoom,0
1364,Ido,Avraham,80,0,100,B,Zoom,1
1365,Michael,Deri,90,1,96,D,Zoom,0
1366,Robin,Ben-Moshe,80,1,90,C,Zoom,1
1367,Tair,Itzhak,90,1,88,B,Zoom,1
1368,Adam,Desta,75,0,81,A,Frontal,1
1369,Robin,Deri,60,1,78,C,Zoom,1
1370,Robin,Cohen,100,1,79,B,Frontal,1
1371,Idan,Nickolson,75,0,78,B,Frontal,1
1372,Katia,Porat,55,1,100,C,Frontal,0
1373,Robin,Cohen,90,1,81,A,Zoom,1
1374,Alex,Porat,60,1,92,B,Frontal,1
1375,Ram,Nickolson,90,1,78,A,Frontal,1
1376,Ram,Shmuel,55,1,79,B,Zoom,0
1377,Ariel,Porat,100,1,80,C,Frontal,1
1378,Ela,Nickolson,100,1,78,A,Frontal,1
1379,Robin,Porat,60,1,88,B,Zoom,1
1380,Mor,Deri,100,1,90,B,Zoom,1
1381,Dorit,Oved,70,1,81,B,Frontal,1
1382,Adam,Cohen,60,0,92,C,Frontal,1
1383,Esther,Ben-Moshe,60,1,55,B,Frontal,0
1384,Sapir,Oved,85,0,80,D,Frontal,0
1385,Michael,Haviv,100,1,84,D,Frontal,0
1386,Zohar,Biton,65,1,96,D,Zoom,0
1387,Orly,Bar,70,0,55,C,Zoom,0
1388,Natasha,Bar,80,1,100,A,Zoom,1
1389,Ariel,Ben-Zvi,75,1,94,A,Frontal,1
1390,Eliran,Porat,100,0,94,B,Frontal,1
1391,Mor,Haviv,80,1,80,B,Zoom,1
1392,Kevin,Atia,100,1,81,C,Frontal,1
1393,Michael,Desta,80,1,95,A,Zoom,1
1394,John,Desta,65,1,83,C,Zoom,1
1395,Talia,Haviv,85,1,100,C,Frontal,1
1396,Ariel,Oved,55,1,90,C,Frontal,0
1397,Katia,Shmuel,100,1,80,A,Frontal,1
1398,Kevin,Itzhak,70,1,94,B,Zoom,1
1399,Brian,Biton,80,0,81,A,Zoom,1
1400,Robin,Oved,100,1,100,B,Frontal,1
1401,Nitzan,Cohen,70,0,78,B,Zoom,1
1402,Eliran,Avraham,70,1,79,C,Frontal,1
1403,Brian,Oved,70,1,78,B,Frontal,1
1404,Ela,Bar,75,1,55,A,Frontal,0
1405,Nitzan,Atia,100,1,80,D,Zoom,0
1406,Ido,Atia,60,1,81,B,Frontal,1
1407,Katia,Porat,80,1,92,C,Frontal,1
1408,Brian,Cohen,80,1,65,B,Zoom,0
1409,John,Ben-Moshe,80,1,80,B,Frontal,1
1410,Dorit,Ben-Moshe,100,1,96,C,Frontal,1
1411,Adele,Shalom,100,0,80,B,Zoom,1
1412,Kevin,Ben-Moshe,95,1,80,C,Frontal,1
1413,Keli,Bar,90,1,89,D,Frontal,0
1414,Keli,Shmuel,75,1,90,B,Zoom,1
1415,Ariel,Haviv,90,1,93,A,Zoom,1
1416,Kevin,Desta,100,0,65,B,Frontal,0
1417,Sarah,Biton,55,0,78,D,Frontal,0
1418,Orly,Bar,75,1,80,B,Frontal,1
1419,Adele,Cohen,80,0,90,A,Zoom,1
1420,Adele,Oved,95,1,98,B,Frontal,1
1421,Tair,Desta,60,1,81,B,Zoom,1
1422,Linda,Shmuel,100,1,96,A,Zoom,1
1423,Talia,Nickolson,100,0,80,B,Zoom,1
1424,Avraham,Itzhak,75,1,75,C,Frontal,0
1425,Tair,Shmuel,55,1,83,A,Zoom,0
1426,Robin,Shalom,90,1,65,A,Frontal,0
1427,Or,Shmuel,80,0,95,B,Frontal,1
1428,Billy,Bar,100,0,78,C,Zoom,1
1429,Sapir,Ben-Zvi,75,1,88,B,Frontal,1
1430,Ela,Maman,80,1,55,B,Frontal,0
1431,Talia,Cohen,60,1,84,A,Frontal,1
1432,Billy,Bar,80,1,78,B,Zoom,1
1433,Natasha,Shmuel,80,1,94,B,Frontal,1
1434,Aviram,Nickolson,80,1,93,B,Zoom,1
1435,Keli,Haviv,100,1,85,B,Frontal,1
1436,Ori,Avraham,100,0,80,B,Frontal,1
1437,Nitzan,Ben-Zvi,90,0,89,B,Zoom,1
1438,Mor,Atia,70,1,85,B,Zoom,1
1439,Ohad,Shmuel,55,1,90,A,Frontal,0
1440,Kevin,Porat,100,1,65,D,Frontal,0
1441,Sapir,Deri,100,1,100,B,Zoom,1
1442,Idan,Porat,50,0,78,B,Zoom,0
1443,Idan,Atia,50,1,80,C,Frontal,0
1444,Nitzan,Cohen,75,0,90,B,Zoom,1
1445,Ram,Deri,65,0,78,B,Zoom,1
1446,Ohad,Biton,100,1,75,C,Frontal,0
1447,Avraham,Ben-Zvi,60,1,84,B,Frontal,1
1448,Alex,Nickolson,100,0,90,B,Zoom,1
1449,Natasha,Porat,100,0,93,B,Zoom,1
1450,Mor,Haviv,75,1,78,B,Zoom,1
1451,Tamar,Nickolson,100,1,100,D,Zoom,0
1452,Adele,Shalom,100,1,83,A,Zoom,1
1453,Mor,Avraham,90,0,80,D,Zoom,0
1454,Kevin,Shmuel,90,1,80,A,Zoom,1
1455,Danny,Biton,100,1,100,C,Frontal,1
1456,Michael,Maman,90,1,79,D,Zoom,0
1457,Orly,Cohen,75,0,90,A,Zoom,1
1458,Sarah,Ben-Zvi,95,0,78,C,Zoom,1
1459,Adele,Ben-Moshe,80,1,83,A,Frontal,1
1460,Ela,Cohen,55,1,92,C,Zoom,0
1461,Katia,Desta,90,1,96,B,Frontal,1
1462,Or,Deri,80,1,80,B,Frontal,1
1463,John,Atia,100,1,96,C,Frontal,1
1464,Avishay,Shalom,100,1,96,C,Frontal,1
1465,Dorit,Biton,55,1,100,C,Frontal,0
1466,Michael,Porat,90,0,81,C,Zoom,1
1467,Katia,Deri,100,0,65,D,Frontal,0
1468,Ram,Ben-Moshe,55,1,88,C,Frontal,0
1469,Talia,Avraham,100,1,75,B,Zoom,0
1470,Ori,Ben-Zvi,80,1,78,D,Zoom,0
1471,Adam,Nickolson,65,1,55,D,Zoom,0
1472,Idan,Biton,80,1,83,B,Frontal,1
1473,Nitzan,Itzhak,90,1,79,A,Frontal,1
1474,Michael,Bar,100,0,93,D,Frontal,0
1475,Katia,Atia,65,1,75,A,Frontal,0
1476,Ariel,Ben-Moshe,75,1,85,D,Frontal,0
1477,Sapir,Avraham,80,0,95,C,Frontal,1
1478,Danny,Shmuel,100,1,83,B,Zoom,1
1479,John,Porat,60,1,100,A,Frontal,1
1480,Chen,Desta,60,1,80,C,Zoom,1
1481,Ariel,Ben-Zvi,100,1,75,B,Zoom,0
1482,Nitzan,Bar,100,1,55,B,Frontal,0
1483,Dorit,Ben-Moshe,100,0,96,B,Frontal,1
1484,Orly,Avraham,90,1,80,C,Frontal,1
1485,Orly,Shmuel,100,0,65,A,Zoom,0
1486,Ori,Ben-Moshe,90,1,79,D,Frontal,0
1487,Natasha,Deri,80,0,90,C,Zoom,1
1488,Zohar,Deri,60,0,93,C,Frontal,1
1489,Ido,Desta,75,1,94,B,Zoom,1
1490,Ram,Oved,80,0,98,B,Frontal,1
1491,Or,Biton,75,1,92,B,Zoom,1
1492,Dorit,Avraham,100,1,80,C,Zoom,1
1493,Ohad,Desta,70,1,90,A,Zoom,1
1494,Avishay,Ben-Zvi,75,0,100,C,Zoom,1
1495,Eliran,Desta,90,0,95,C,Frontal,1
1496,Avraham,Ben-Moshe,65,1,79,C,Zoom,1
1497,Mor,Shmuel,55,1,100,C,Zoom,0
1498,Tair,Biton,55,0,55,B,Frontal,0
1499,Zohar,Maman,75,0,75,C,Zoom,0
1500,Chen,Porat,75,1,90,C,Frontal,1
1501,Eliran,Oved,55,1,95,B,Zoom,0
1502,Mor,Porat,75,1,81,D,Zoom,0
1503,Kevin,Avraham,100,0,85,B,Zoom,1
1504,Zohar,Haviv,100,1,78,B,Frontal,1
1505,Tair,Ben-Moshe,90,1,98,B,Zoom,1
1506,Kevin,Porat,55,1,90,A,Zoom,0
1507,Idan,Maman,75,0,80,A,Zoom,1
1508,Keli,Itzhak,100,1,78,A,Frontal,1
1509,Ela,Ben-Zvi,60,1,88,D,Frontal,0
1510,Kevin,Atia,100,1,85,A,Frontal,1
1511,Ido,Atia,100,1,94,B,Frontal,1
1512,Sapir,Atia,70,1,78,B,Frontal,1
1513,Keli,Haviv,85,0,98,A,Frontal,1
1514,Brian,Biton,100,1,80,A,Zoom,1
1515,Aviram,Shalom,90,0,93,B,Frontal,1
1516,Zohar,Porat,50,1,85,B,Frontal,0
1517,Mor,Porat,70,1,96,A,Zoom,1
1518,Sarah,Deri,100,0,95,A,Frontal,1
1519,Sarah,Nickolson,55,1,90,A,Zoom,0
1520,Michael,Shalom,100,0,75,B,Frontal,0
1521,John,Haviv,100,0,83,B,Zoom,1
1522,Idan,Avraham,75,0,75,B,Frontal,0
1523,Avraham,Deri,80,1,78,C,Frontal,1
1524,Avishay,Bar,100,0,75,B,Zoom,0
1525,Nati,Biton,100,1,75,B,Zoom,0
1526,Avishay,Nickolson,70,1,78,B,Zoom,1
1527,Nati,Porat,70,1,83,A,Zoom,1
1528,Ido,Maman,100,0,90,B,Zoom,1
1529,Tamar,Maman,80,1,80,A,Zoom,1
1530,Talia,Ben-Moshe,55,1,89,C,Frontal,0
1531,Linda,Itzhak,100,1,100,A,Zoom,1
1532,Zohar,Biton,70,1,78,A,Frontal,1
1533,Ram,Ben-Moshe,100,1,93,B,Zoom,1
1534,Or,Oved,80,1,88,B,Zoom,1
1535,Tamar,Biton,100,1,80,A,Zoom,1
1536,Kevin,Shalom,70,1,93,B,Zoom,1
1537,Kevin,Ben-Zvi,100,0,98,A,Zoom,1
1538,Chen,Cohen,100,0,90,A,Zoom,1
1539,Ela,Ben-Zvi,100,1,100,B,Zoom,1
1540,Avraham,Shmuel,100,0,93,B,Frontal,1
1541,Sapir,Biton,70,1,75,D,Frontal,0
1542,Avishay,Oved,65,0,80,C,Frontal,1
1543,Brian,Desta,90,0,80,C,Frontal,1
1544,Tamar,Biton,70,1,92,A,Frontal,1
1545,Or,Maman,70,0,96,B,Zoom,1
1546,Eliran,Deri,80,1,89,C,Frontal,1
1547,Ori,Avraham,100,1,90,B,Frontal,1
1548,Ohad,Itzhak,80,1,55,C,Frontal,0
1549,Nati,Deri,100,1,79,D,Zoom,0
1550,Katia,Ben-Moshe,70,0,89,B,Zoom,1
1551,Sarah,Bar,75,1,88,B,Zoom,1
1552,Nati,Oved,60,0,85,A,Frontal,1
1553,Nati,Cohen,50,0,90,B,Frontal,0
1554,Danny,Ben-Zvi,90,0,75,A,Zoom,0
1555,Tair,Shmuel,85,1,84,B,Frontal,1
1556,Brian,Porat,100,1,55,D,Zoom,0
1557,Esther,Ben-Zvi,50,1,78,B,Zoom,0
1558,Adele,Oved,95,1,65,B,Frontal,0
1559,Jerry,Ben-Moshe,75,1,65,B,Zoom,0
1560,Chen,Desta,80,0,65,C,Zoom,0
1561,Chen,Deri,70,0,92,C,Zoom,1
1562,Keli,Atia,85,1,79,A,Frontal,1
1563,Adam,Bar,95,1,80,A,Frontal,1
1564,Alex,Atia,70,0,95,A,Frontal,1
1565,Alex,Porat,95,1,78,C,Zoom,1
1566,Linda,Haviv,90,0,80,A,Zoom,1
1567,Avraham,Ben-Moshe,90,1,55,A,Frontal,0
1568,Danny,Cohen,60,1,90,C,Frontal,1
1569,Zohar,Ben-Moshe,100,1,80,B,Frontal,1
1570,Chen,Cohen,60,1,75,D,Frontal,0
1571,Zohar,Cohen,55,1,75,C,Zoom,0
1572,Ido,Bar,80,0,100,B,Zoom,1
1573,Nati,Porat,100,0,84,D,Zoom,0
1574,Keli,Maman,100,1,93,A,Frontal,1
1575,Eliran,Nickolson,80,1,96,C,Zoom,1
1576,Ori,Bar,80,0,78,A,Zoom,1
1577,Tamar,Ben-Zvi,85,1,96,A,Zoom,1
1578,Kevin,Avraham,90,1,55,A,Frontal,0
1579,Mor,Deri,80,1,92,B,Frontal,1
1580,Mor,Avraham,70,0,100,A,Zoom,1
1581,Alex,Deri,75,1,98,B,Frontal,1
1582,Ram,Itzhak,80,0,96,B,Zoom,1
1583,Sarah,Deri,90,1,93,C,Frontal,1
1584,Linda,Ben-Moshe,90,1,89,A,Zoom,1
1585,Orly,Porat,65,0,80,D,Frontal,0
1586,Kevin,Cohen,100,0,88,A,Zoom,1
1587,Esther,Ben-Zvi,95,1,80,B,Zoom,1
1588,Avishay,Shmuel,100,1,65,B,Zoom,0
1589,Katia,Atia,75,1,94,D,Frontal,0
1590,Zohar,Ben-Zvi,100,1,78,B,Frontal,1
1591,John,Bar,75,1,96,D,Zoom,0
1592,Avishay,Itzhak,100,0,100,B,Frontal,1
1593,Alex,Desta,100,1,75,A,Frontal,0
1594,Ohad,Nickolson,100,1,90,B,Zoom,1
1595,Chen,Atia,100,1,83,B,Frontal,1
1596,Sapir,Desta,90,0,79,B,Frontal,1
1597,Natasha,Oved,70,0,78,D,Zoom,0
1598,Ram,Shalom,90,1,84,D,Zoom,0
1599,Danny,Bar,85,0,89,B,Zoom,1
1600,Adele,Atia,100,0,93,A,Zoom,1
1601,Ori,Nickolson,90,0,96,C,Zoom,1
1602,Nitzan,Cohen,100,1,88,A,Zoom,1
1603,Ido,Maman,100,1,85,B,Frontal,1
1604,Tair,Shmuel,100,1,78,B,Frontal,1
1605,Jerry,Shmuel,70,1,92,B,Frontal,1
1606,Mor,Ben-Moshe,100,1,78,B,Zoom,1
1607,Billy,Deri,80,0,80,A,Zoom,1
1608,Sarah,Shalom,90,1,94,D,Zoom,0
1609,Keli,Cohen,95,0,80,B,Zoom,1
1610,Nati,Deri,70,1,83,A,Zoom,1
1611,Zohar,Porat,80,1,89,B,Frontal,1
1612,Avraham,Shmuel,70,1,95,A,Frontal,1
1613,Natasha,Porat,90,1,93,D,Frontal,0
1614,Adele,Ben-Zvi,100,1,95,B,Frontal,1
1615,Aviram,Bar,100,0,100,B,Zoom,1
1616,Zohar,Itzhak,55,1,79,B,Zoom,0
1617,Idan,Ben-Zvi,65,1,89,A,Frontal,1
1618,Brian,Shmuel,70,1,78,D,Zoom,0
1619,Keli,Shalom,90,1,100,B,Frontal,1
1620,Ido,Biton,100,1,80,A,Frontal,1
1621,Esther,Ben-Moshe,80,1,85,B,Frontal,1
1622,Adam,Desta,70,1,90,C,Frontal,1
1623,Adele,Biton,75,0,78,C,Zoom,1
1624,Orly,Shalom,90,0,78,B,Frontal,1
1625,Ori,Cohen,80,1,79,D,Frontal,0
1626,Alex,Desta,90,1,94,A,Zoom,1
1627,Alex,Haviv,55,1,94,C,Frontal,0
1628,Ori,Ben-Zvi,100,1,55,D,Frontal,0
1629,Adam,Maman,80,0,90,B,Frontal,1
1630,Brian,Cohen,100,1,94,B,Zoom,1
1631,Or,Ben-Zvi,80,0,90,B,Zoom,1
1632,Eliran,Biton,85,1,94,A,Frontal,1
1633,Zohar,Atia,100,1,95,C,Frontal,1
1634,Mor,Ben-Moshe,90,0,79,D,Frontal,0
1635,Natasha,Avraham,95,1,95,C,Frontal,1
1636,Chen,Shmuel,100,0,83,B,Frontal,1
1637,Adam,Shmuel,65,1,100,B,Zoom,1
1638,Dorit,Biton,55,1,90,B,Frontal,0
1639,Dorit,Maman,85,0,81,C,Frontal,1
1640,Sarah,Maman,55,0,93,C,Frontal,0
1641,Brian,Atia,90,1,78,A,Frontal,1
1642,Or,Biton,55,1,95,C,Frontal,0
1643,Talia,Deri,100,1,98,A,Frontal,1
1644,Adele,Desta,100,1,100,A,Frontal,1
1645,Aviram,Cohen,75,1,89,B,Zoom,1
1646,Danny,Atia,50,0,90,B,Frontal,0
1647,Dorit,Avraham,75,1,94,B,Zoom,1
1648,Sarah,Shmuel,100,1,80,D,Frontal,0
1649,Zohar,Avraham,75,0,78,B,Frontal,1
1650,Avraham,Maman,100,0,83,B,Frontal,1
1651,Chen,Cohen,100,0,81,C,Frontal,1
1652,Or,Maman,90,1,100,A,Zoom,1
1653,Aviram,Shmuel,55,1,79,B,Frontal,0
1654,Alex,Deri,70,0,90,C,Zoom,1
1655,Natasha,Atia,75,0,81,B,Zoom,1
1656,Talia,Deri,90,0,80,B,Zoom,1
1657,Dorit,Shalom,75,0,79,A,Frontal,1
1658,Ela,Deri,60,0,78,B,Zoom,1
1659,Adam,Ben-Zvi,75,0,80,B,Frontal,1
1660,Dorit,Ben-Moshe,85,1,83,D,Zoom,0
1661,Adam,Desta,100,1,90,C,Zoom,1
1662,Aviram,Bar,100,1,96,B,Frontal,1
1663,Chen,Biton,100,1,55,B,Zoom,0
1664,Ohad,Atia,60,0,79,B,Frontal,1
1665,Billy,Cohen,90,0,92,A,Frontal,1
1666,Keli,Haviv,100,0,80,A,Zoom,1
1667,Avraham,Oved,100,1,90,C,Frontal,1
1668,Nitzan,Nickolson,85,1,79,A,Zoom,1
1669,Or,Atia,70,1,92,C,Frontal,1
1670,Danny,Itzhak,100,1,81,B,Zoom,1
1671,Mor,Haviv,70,1,94,C,Frontal,1
1672,Sapir,Deri,100,1,81,C,Frontal,1
1673,Ariel,Nickolson,90,1,80,C,Zoom,1
1674,Keli,Shmuel,100,1,100,C,Zoom,1
1675,Adele,Haviv,75,1,89,D,Frontal,0
1676,Katia,Ben-Zvi,100,0,80,C,Frontal,1
1677,Sapir,Ben-Zvi,90,0,90,A,Frontal,1
1678,Michael,Desta,80,1,78,B,Zoom,1
1679,John,Ben-Moshe,100,1,78,B,Frontal,1
1680,Chen,Haviv,70,1,98,B,Frontal,1
1681,Adele,Bar,60,0,80,B,Frontal,1
1682,Nati,Atia,80,1,92,B,Zoom,1
1683,Or,Desta,85,1,83,B,Zoom,1
1684,Esther,Oved,100,1,98,A,Frontal,1
1685,Sapir,Atia,90,1,88,B,Frontal,1
1686,Zohar,Bar,60,1,90,A,Zoom,1
1687,Alex,Biton,100,1,95,B,Frontal,1
1688,Robin,Shalom,80,1,93,B,Zoom,1
1689,Ohad,Porat,100,1,100,C,Zoom,1
1690,Chen,Cohen,100,0,95,B,Zoom,1
1691,Sapir,Avraham,100,1,80,D,Frontal,0
1692,Nati,Desta,100,0,65,A,Zoom,0
1693,Katia,Atia,70,1,85,D,Zoom,0
1694,Ori,Deri,90,1,78,A,Zoom,1
1695,Adele,Deri,90,0,80,A,Zoom,1
1696,Eliran,Shalom,90,1,93,C,Zoom,1
1697,Mor,Shmuel,100,1,55,D,Frontal,0
1698,Esther,Cohen,100,1,83,A,Zoom,1
1699,Ohad,Cohen,90,0,81,A,Zoom,1
1700,Chen,Nickolson,95,0,78,B,Zoom,1
1701,Esther,Oved,100,0,92,C,Frontal,1
1702,Jerry,Cohen,75,1,93,B,Frontal,1
1703,Nitzan,Bar,55,1,93,B,Zoom,0
1704,Ori,Avraham,55,1,83,B,Frontal,0
1705,Kevin,Oved,100,0,80,C,Zoom,1
1706,Zohar,Haviv,100,1,85,D,Zoom,0
1707,Billy,Itzhak,100,0,93,B,Frontal,1
1708,Eliran,Ben-Zvi,80,1,96,A,Frontal,1
1709,Ram,Maman,80,1,89,C,Zoom,1
1710,Ela,Maman,90,0,93,B,Frontal,1
1711,Avraham,Nickolson,60,1,98,D,Zoom,0
1712,Adele,Oved,75,1,81,C,Frontal,1
1713,Tamar,Biton,100,1,88,C,Zoom,1
1714,Ariel,Haviv,65,0,93,A,Zoom,1
1715,Chen,Maman,100,1,90,C,Zoom,1
1716,Katia,Avraham,80,1,84,C,Zoom,1
1717,Sapir,Biton,100,1,81,B,Frontal,1
1718,Brian,Desta,95,0,80,A,Frontal,1
1719,Eliran,Avraham,60,1,98,B,Zoom,1
1720,Natasha,Atia,85,1,95,D,Frontal,0
1721,Orly,Ben-Moshe,65,0,65,B,Frontal,0
1722,Sapir,Atia,100,1,92,B,Zoom,1
1723,Kevin,Shalom,100,0,65,A,Zoom,0
1724,Billy,Shmuel,80,1,55,B,Zoom,0
1725,Natasha,Bar,90,1,98,C,Frontal,1
1726,Zohar,Avraham,100,0,88,B,Frontal,1
1727,Ela,Nickolson,75,1,100,C,Frontal,1
1728,Avishay,Porat,80,1,78,A,Frontal,1
1729,Ohad,Itzhak,80,0,81,B,Zoom,1
1730,Jerry,Porat,100,1,98,B,Zoom,1
1731,Idan,Haviv,80,1,89,B,Zoom,1
1732,Chen,Nickolson,75,1,80,C,Frontal,1
1733,Billy,Ben-Zvi,100,1,55,B,Frontal,0
1734,Natasha,Biton,100,1,88,A,Zoom,1
1735,Linda,Shmuel,100,1,83,B,Frontal,1
1736,Dorit,Itzhak,55,1,94,B,Zoom,0
1737,Tamar,Haviv,80,1,98,D,Frontal,0
1738,Robin,Nickolson,70,1,75,B,Zoom,0
1739,Or,Shmuel,100,1,92,A,Zoom,1
1740,Esther,Shmuel,100,1,95,C,Frontal,1
1741,John,Avraham,100,1,79,A,Zoom,1
1742,Aviram,Biton,100,0,79,A,Frontal,1
1743,Ram,Itzhak,70,0,85,C,Frontal,1
1744,Esther,Maman,100,1,92,B,Zoom,1
1745,Ori,Maman,90,1,78,B,Frontal,1
1746,Natasha,Atia,100,1,90,C,Frontal,1
1747,Kevin,Nickolson,80,1,78,B,Zoom,1
1748,Kevin,Cohen,65,1,100,B,Frontal,1
1749,Linda,Nickolson,70,1,83,C,Frontal,1
1750,Ohad,Ben-Moshe,100,1,100,D,Zoom,0
1751,Idan,Maman,100,1,98,B,Zoom,1
1752,Or,Bar,100,1,96,B,Zoom,1
1753,Brian,Deri,90,1,90,D,Frontal,0
1754,Kevin,Nickolson,100,1,85,B,Frontal,1
1755,Chen,Ben-Moshe,100,1,55,A,Frontal,0
1756,Adam,Biton,90,0,90,D,Zoom,0
1757,Avraham,Cohen,100,1,78,C,Frontal,1
1758,Danny,Ben-Zvi,100,1,55,B,Frontal,0
1759,Aviram,Desta,100,1,80,B,Frontal,1
1760,Esther,Ben-Moshe,80,0,75,C,Zoom,0
1761,Robin,Itzhak,80,1,90,A,Zoom,1
1762,John,Avraham,65,1,100,A,Frontal,1
1763,Avraham,Itzhak,50,0,84,B,Frontal,0
1764,Sapir,Itzhak,90,0,80,C,Frontal,1
1765,Adele,Oved,100,1,55,D,Zoom,0
1766,Sarah,Deri,70,1,79,B,Frontal,1
1767,Michael,Haviv,100,1,55,B,Zoom,0
1768,Billy,Maman,50,1,93,A,Zoom,0
1769,Zohar,Biton,55,1,55,D,Zoom,0
1770,Mor,Bar,100,1,81,A,Zoom,1
1771,Avraham,Avraham,95,0,100,B,Frontal,1
1772,Jerry,Ben-Moshe,100,1,98,C,Frontal,1
1773,Sarah,Biton,90,0,92,A,Frontal,1
1774,Billy,Ben-Zvi,100,1,85,B,Zoom,1
1775,Tair,Ben-Zvi,90,1,80,A,Frontal,1
1776,Kevin,Ben-Zvi,90,0,98,C,Frontal,1
1777,Ohad,Oved,80,1,80,A,Zoom,1
1778,Robin,Ben-Zvi,100,1,95,B,Frontal,1
1779,Keli,Porat,100,1,90,A,Frontal,1
1780,Idan,Oved,70,1,81,C,Zoom,1
1781,Dorit,Itzhak,100,1,65,B,Zoom,0
1782,Ohad,Oved,100,0,55,A,Zoom,0
1783,Tair,Biton,60,1,95,B,Zoom,1
1784,Kevin,Bar,100,1,100,D,Frontal,0
1785,Katia,Nickolson,80,0,80,B,Zoom,1
1786,Ori,Nickolson,65,1,92,B,Frontal,1
1787,Linda,Avraham,100,1,80,A,Frontal,1
1788,Alex,Avraham,100,1,81,A,Frontal,1
1789,Tair,Maman,90,0,55,C,Zoom,0
1790,Nati,Atia,50,0,78,A,Frontal,0
1791,Kevin,Haviv,80,0,100,B,Zoom,1
1792,Ori,Cohen,100,1,90,B,Frontal,1
1793,Robin,Bar,60,1,80,B,Frontal,1
1794,Sapir,Oved,65,1,96,D,Frontal,0
1795,Eliran,Oved,100,1,90,B,Zoom,1
1796,Tamar,Shmuel,55,1,85,B,Frontal,0
1797,Brian,Maman,100,1,80,B,Zoom,1
1798,Talia,Deri,85,1,80,C,Zoom,1
1799,Avishay,Shmuel,90,0,80,B,Zoom,1
1800,Natasha,Cohen,100,1,96,B,Frontal,1
1801,Natasha,Itzhak,65,1,80,B,Frontal,1
1802,Idan,Ben-Zvi,80,1,85,C,Frontal,1
1803,Idan,Itzhak,90,1,78,B,Frontal,1
1804,Avishay,Ben-Moshe,100,0,95,A,Frontal,1
1805,Talia,Porat,95,0,78,D,Zoom,0
1806,Jerry,Biton,75,1,78,D,Zoom,0
1807,Aviram,Avraham,100,0,83,B,Zoom,1
1808,Adam,Ben-Zvi,100,0,85,B,Frontal,1
1809,Brian,Haviv,80,1,84,D,Zoom,0
1810,Robin,Avraham,55,0,93,C,Frontal,0
1811,Dorit,Oved,95,1,90,C,Zoom,1
1812,Avraham,Ben-Moshe,100,1,78,B,Frontal,1
1813,Ido,Bar,90,0,94,C,Frontal,1
1814,Avraham,Oved,100,1,90,B,Zoom,1
1815,Esther,Nickolson,80,1,90,B,Frontal,1
1816,Adam,Oved,50,0,85,C,Zoom,0
1817,Eliran,Ben-Moshe,70,0,92,B,Zoom,1
1818,Tamar,Shmuel,95,0,93,B,Zoom,1
